symbol,week,closed,stopped,weeks_held,rule_pct,mfe_pct,mae_pct,hold12_pct
KIRLOSENG,2023-03-04/2023-03-10,True,False,12,9.11,18.15,-4.53,9.11
MGL,2023-03-04/2023-03-10,True,True,2,-2.64,2.06,-2.95,5.22
CYIENT,2023-03-18/2023-03-24,True,False,12,47.71,51.45,-4.71,47.71
APTECHT,2023-04-01/2023-04-07,True,False,12,22.26,44.43,-1.71,22.26
IGL,2023-04-01/2023-04-07,True,False,12,0.85,9.88,-2.88,0.85
KSB,2023-04-01/2023-04-07,True,True,2,-3.6,1.99,-4.83,-4.31
APOLLOPIPE,2023-04-08/2023-04-14,True,False,12,22.67,28.46,-1.56,22.67
GRAUWEIL,2023-04-08/2023-04-14,True,True,3,-2.91,5.3,-5.17,-4.34
LINCOLN,2023-04-08/2023-04-14,True,True,3,-3.74,2.74,-4.62,2.09
CSBBANK,2023-04-15/2023-04-21,True,True,7,-4.72,5.25,-6.65,3.16
CYIENT,2023-04-15/2023-04-21,True,False,12,23.77,33.59,-1.92,23.77
GLENMARK,2023-04-15/2023-04-21,True,False,12,37.36,37.9,-0.73,37.36
KECL,2023-04-15/2023-04-21,True,False,12,13.12,34.37,-7.39,13.12
LUMAXTECH,2023-04-15/2023-04-21,True,True,2,-8.68,0.84,-10.75,18.31
MAGADSUGAR,2023-04-15/2023-04-21,True,True,3,-3.54,6.94,-4.08,10.17
RAMKY,2023-04-15/2023-04-21,True,True,7,-5.32,8.85,-8.03,4.96
TATAMTRDVR,2023-04-15/2023-04-21,True,False,12,37.92,41.13,-1.37,37.92
WABAG,2023-04-15/2023-04-21,True,False,12,32.46,33.12,-2.35,32.46
BANCOINDIA,2023-04-22/2023-04-28,True,False,12,26.52,29.99,-3.81,26.52
BANSWRAS,2023-04-22/2023-04-28,True,False,12,-5.55,17.03,-9.93,-5.55
BLKASHYAP,2023-04-22/2023-04-28,True,True,5,-4.96,10.17,-6.23,9.53
CCL,2023-04-22/2023-04-28,True,False,12,3.68,23.82,-7.28,3.68
CHENNPETRO,2023-04-22/2023-04-28,True,False,12,45.21,50.33,-4.56,45.21
GANECOS,2023-04-22/2023-04-28,True,True,4,-2.53,11.13,-4.9,3.52
GET&D,2023-04-22/2023-04-28,False,False,11,150.37,154.52,-2.69,
GLENMARK,2023-04-22/2023-04-28,True,False,12,33.77,34.1,-4.75,33.77
IRCON,2023-04-22/2023-04-28,True,False,12,24.2,26.87,-0.13,24.2
JASH,2023-04-22/2023-04-28,True,False,12,30.24,37.18,-1.99,30.24
KEI,2023-04-22/2023-04-28,True,False,12,33.51,46.32,-5.54,33.51
LUMAXIND,2023-04-22/2023-04-28,True,False,12,1.17,12.75,-14.27,1.17
NESTLEIND,2023-04-22/2023-04-28,True,False,12,5.42,7.32,-2.41,5.42
OFSS,2023-04-22/2023-04-28,True,True,2,-2.02,2.7,-5.72,6.39
ORIENTHOT,2023-04-22/2023-04-28,True,True,2,-0.39,7.87,-3.63,-1.49
THEMISMED,2023-04-22/2023-04-28,True,True,5,-7.44,7.15,-8.61,-4.22
WELSPUNIND,2023-04-22/2023-04-28,True,False,12,12.99,19.44,-1.13,12.99
ABB,2023-04-29/2023-05-05,True,False,12,21.13,23.76,-0.23,21.13
CHOLAFIN,2023-04-29/2023-05-05,True,False,12,14.91,22.69,-1.41,14.91
DATAMATICS,2023-04-29/2023-05-05,True,False,12,21.61,52.48,-4.03,21.61
DYNAMATECH,2023-04-29/2023-05-05,True,False,12,24.08,28.55,-2.69,24.08
ENGINERSIN,2023-04-29/2023-05-05,True,False,12,55.48,56.54,-5.68,55.48
GOODYEAR,2023-04-29/2023-05-05,True,True,7,-4.57,3.71,-6.04,14.17
INDHOTEL,2023-04-29/2023-05-05,True,False,12,7.89,11.85,-3.44,7.89
INDIAMART,2023-04-29/2023-05-05,True,True,2,-6.35,0.96,-6.94,-48.21
KEI,2023-04-29/2023-05-05,True,False,12,24.81,44.14,-2.1,24.81
M&MFIN,2023-04-29/2023-05-05,True,False,12,4.61,21.0,-2.74,4.61
MANINDS,2023-04-29/2023-05-05,True,False,12,24.73,44.06,-4.46,24.73
MRF,2023-04-29/2023-05-05,True,True,2,-2.42,1.33,-3.52,3.97
RITES,2023-04-29/2023-05-05,True,True,2,-11.73,3.64,-12.16,9.49
SANGHVIMOV,2023-04-29/2023-05-05,True,False,12,48.63,53.61,-10.71,48.63
STARCEMENT,2023-04-29/2023-05-05,True,True,2,-5.38,1.54,-6.15,9.31
VINDHYATEL,2023-04-29/2023-05-05,True,False,12,9.66,20.79,-1.69,9.66
ADORWELD,2023-05-06/2023-05-12,True,True,6,-7.64,6.75,-8.4,-8.25
ARTEMISMED,2023-05-06/2023-05-12,True,False,12,49.22,61.72,-1.2,49.22
BANCOINDIA,2023-05-06/2023-05-12,True,True,2,-1.7,8.22,-7.26,25.67
BBL,2023-05-06/2023-05-12,True,False,12,22.26,31.19,-7.11,22.26
CEATLTD,2023-05-06/2023-05-12,True,False,12,32.01,41.66,-5.36,32.01
CERA,2023-05-06/2023-05-12,True,True,9,-1.67,14.63,-2.32,10.73
CHALET,2023-05-06/2023-05-12,True,True,6,-2.62,7.58,-4.0,16.4
ELECON,2023-05-06/2023-05-12,True,False,12,53.66,59.35,-1.98,53.66
ELECTCAST,2023-05-06/2023-05-12,True,False,12,36.96,40.95,-4.77,36.96
FSL,2023-05-06/2023-05-12,True,True,6,-2.98,4.77,-3.86,13.86
GODREJIND,2023-05-06/2023-05-12,True,False,12,0.15,10.24,-3.54,0.15
IONEXCHANG,2023-05-06/2023-05-12,True,True,5,-89.48,10.2,-89.84,-87.45
KEC,2023-05-06/2023-05-12,True,False,12,24.2,31.89,-10.19,24.2
KEI,2023-05-06/2023-05-12,True,False,12,18.58,37.66,-6.5,18.58
MANINDS,2023-05-06/2023-05-12,True,False,12,42.23,50.07,-1.84,42.23
MENONBE,2023-05-06/2023-05-12,True,False,12,1.93,12.21,-5.08,1.93
MUTHOOTCAP,2023-05-06/2023-05-12,True,True,2,-3.86,5.08,-8.25,27.28
PITTIENG,2023-05-06/2023-05-12,True,False,12,45.47,54.89,-5.66,45.47
POLYCAB,2023-05-06/2023-05-12,True,False,12,35.73,44.82,-3.08,35.73
RATEGAIN,2023-05-06/2023-05-12,True,True,2,-4.13,6.48,-5.26,16.18
SALZERELEC,2023-05-06/2023-05-12,True,False,12,7.13,12.58,-20.22,7.13
SIEMENS,2023-05-06/2023-05-12,True,True,2,-10.08,0.29,-15.33,-3.53
STYLAMIND,2023-05-06/2023-05-12,True,False,12,11.37,18.37,-2.46,11.37
TATAMTRDVR,2023-05-06/2023-05-12,True,False,12,49.81,62.94,-2.13,49.81
VESUVIUS,2023-05-06/2023-05-12,True,False,12,74.05,88.79,-7.53,74.05
VINDHYATEL,2023-05-06/2023-05-12,True,True,4,-7.54,9.56,-9.14,1.05
VOLTAMP,2023-05-06/2023-05-12,True,False,12,44.62,51.59,-1.52,44.62
WABAG,2023-05-06/2023-05-12,True,False,12,17.9,27.78,-8.79,17.9
AJMERA,2023-05-13/2023-05-19,True,True,3,-3.79,2.96,-6.2,9.79
AXISCADES,2023-05-13/2023-05-19,True,False,12,44.8,56.17,-7.3,44.8
BEPL,2023-05-13/2023-05-19,True,True,4,-4.13,21.91,-6.06,-33.02
CARERATING,2023-05-13/2023-05-19,True,False,12,7.72,12.89,-10.14,7.72
CHALET,2023-05-13/2023-05-19,True,True,5,-5.18,4.75,-6.53,14.57
CREDITACC,2023-05-13/2023-05-19,True,True,4,-3.77,5.68,-4.48,14.23
GLOBUSSPR,2023-05-13/2023-05-19,True,True,11,-5.75,30.17,-7.0,3.62
HERCULES,2023-05-13/2023-05-19,True,False,12,33.6,38.62,-6.29,33.6
JUBLINDS,2023-05-13/2023-05-19,True,False,12,22.87,23.95,-5.46,22.87
KOKUYOCMLN,2023-05-13/2023-05-19,True,False,12,59.7,68.97,-1.02,59.7
KUANTUM,2023-05-13/2023-05-19,True,False,12,13.87,25.12,-13.96,13.87
L&TFH,2023-05-13/2023-05-19,True,False,12,24.32,40.34,-2.3,24.32
LEMONTREE,2023-05-13/2023-05-19,True,True,2,-2.27,5.32,-3.32,-0.16
LINCOLN,2023-05-13/2023-05-19,True,False,12,7.22,14.59,-16.07,7.22
NITINSPIN,2023-05-13/2023-05-19,True,True,2,-4.45,3.77,-6.42,-7.19
SHANTIGEAR,2023-05-13/2023-05-19,True,False,12,6.22,16.17,-1.15,6.22
SOMANYCERA,2023-05-13/2023-05-19,True,False,12,10.23,34.31,-0.02,10.23
TATAMOTORS,2023-05-13/2023-05-19,True,False,12,16.54,26.75,-3.02,16.54
TATAMTRDVR,2023-05-13/2023-05-19,True,False,12,45.84,58.94,-4.06,45.84
TEGA,2023-05-13/2023-05-19,True,False,12,42.94,47.02,-2.28,42.94
BALKRISIND,2023-05-20/2023-05-26,True,False,12,2.34,10.51,-4.79,2.34
CUMMINSIND,2023-05-20/2023-05-26,True,False,12,-1.41,12.78,-3.12,-1.41
DELTACORP,2023-05-20/2023-05-26,True,True,7,-22.62,9.31,-26.14,-24.01
IOC,2023-05-20/2023-05-26,True,True,4,-1.11,3.77,-1.83,1.22
KAJARIACER,2023-05-20/2023-05-26,True,True,5,-0.89,4.43,-3.93,15.22
KOVAI,2023-05-20/2023-05-26,True,False,12,11.16,27.12,-8.32,11.16
L&TFH,2023-05-20/2023-05-26,True,False,12,14.61,36.12,-0.58,14.61
METROBRAND,2023-05-20/2023-05-26,True,False,12,15.37,18.59,-2.29,15.37
MUTHOOTFIN,2023-05-20/2023-05-26,True,False,12,11.06,23.43,-1.25,11.06
NAUKRI,2023-05-20/2023-05-26,True,False,12,0.95,20.11,-2.82,0.95
NLCINDIA,2023-05-20/2023-05-26,True,False,12,28.91,45.58,-6.85,28.91
PGEL,2023-05-20/2023-05-26,True,True,8,-7.3,7.11,-7.93,2.25
REVATHI,2023-05-20/2023-05-26,False,False,6,2.1,13.48,-4.75,
SCHNEIDER,2023-05-20/2023-05-26,True,False,12,39.8,46.92,-1.16,39.8
VRLLOG,2023-05-20/2023-05-26,True,True,4,-9.35,0.0,-10.21,-11.63
WABAG,2023-05-20/2023-05-26,True,False,12,11.53,21.99,-0.92,11.53
ZOMATO,2023-05-20/2023-05-26,True,False,12,31.78,51.7,-2.21,31.78
5PAISA,2023-05-27/2023-06-02,True,True,2,-1.86,5.79,-2.54,21.17
ACE,2023-05-27/2023-06-02,True,True,3,-8.46,0.72,-8.78,51.28
AIAENG,2023-05-27/2023-06-02,True,False,12,18.25,20.04,-2.69,18.25
APOLLOHOSP,2023-05-27/2023-06-02,True,True,11,-2.41,7.97,-4.79,-2.06
ARMANFIN,2023-05-27/2023-06-02,True,False,12,18.03,30.58,-6.61,18.03
BIRLACORPN,2023-05-27/2023-06-02,True,True,10,-2.46,8.19,-3.16,-3.14
CRAFTSMAN,2023-05-27/2023-06-02,True,False,12,26.54,30.03,-1.05,26.54
FORCEMOT,2023-05-27/2023-06-02,True,False,12,75.8,87.75,-5.13,75.8
GENUSPOWER,2023-05-27/2023-06-02,True,False,12,140.21,146.27,-3.71,140.21
GREENLAM,2023-05-27/2023-06-02,True,False,12,23.62,40.27,-2.41,23.62
HEROMOTOCO,2023-05-27/2023-06-02,True,True,2,-2.68,3.98,-3.61,0.03
INDHOTEL,2023-05-27/2023-06-02,True,False,12,-1.01,3.14,-4.89,-1.01
JKCEMENT,2023-05-27/2023-06-02,True,True,11,-3.3,8.93,-4.77,-0.19
MAHLIFE,2023-05-27/2023-06-02,True,False,12,17.01,21.92,-2.67,17.01
MAXIND,2023-05-27/2023-06-02,True,False,12,45.68,86.16,-2.63,45.68
MAZDOCK,2023-05-27/2023-06-02,True,False,12,117.42,141.37,-0.66,117.42
NDRAUTO,2023-05-27/2023-06-02,True,True,8,-8.68,16.16,-15.66,-4.08
PFC,2023-05-27/2023-06-02,True,False,12,40.98,44.71,-0.57,40.98
POLYCAB,2023-05-27/2023-06-02,True,True,3,-4.33,0.98,-5.67,39.6
RECLTD,2023-05-27/2023-06-02,True,False,12,65.03,69.59,-1.45,65.03
SANSERA,2023-05-27/2023-06-02,True,False,12,14.16,20.27,-2.08,14.16
SWARAJENG,2023-05-27/2023-06-02,True,False,12,2.76,17.3,-2.01,2.76
TALBROAUTO,2023-05-27/2023-06-02,True,False,12,73.95,93.27,-0.41,73.95
UJJIVANSFB,2023-05-27/2023-06-02,True,False,12,36.63,45.68,-2.47,36.63
VENUSREM,2023-05-27/2023-06-02,True,False,12,53.91,61.78,-8.92,53.91
WELCORP,2023-05-27/2023-06-02,True,False,12,17.7,27.74,-4.24,17.7
WESTLIFE,2023-05-27/2023-06-02,True,False,12,7.47,15.69,-3.97,7.47
AIAENG,2023-06-03/2023-06-09,True,False,12,14.84,16.08,-3.86,14.84
AJANTPHARM,2023-06-03/2023-06-09,True,False,12,17.72,23.66,-5.46,17.72
APOLLOPIPE,2023-06-03/2023-06-09,True,True,10,-2.55,12.73,-3.82,-3.63
ARTEMISMED,2023-06-03/2023-06-09,True,False,12,36.12,44.21,-1.55,36.12
BRITANNIA,2023-06-03/2023-06-09,True,True,8,-2.05,7.58,-3.04,-8.46
DHAMPURSUG,2023-06-03/2023-06-09,True,True,9,-4.74,5.76,-6.62,-7.78
GENUSPOWER,2023-06-03/2023-06-09,True,False,12,161.06,166.3,-1.11,161.06
HAL,2023-06-03/2023-06-09,True,False,12,4.97,10.12,-4.66,4.97
HBLPOWER,2023-06-03/2023-06-09,True,False,12,95.23,109.89,-0.32,95.23
HIL,2023-06-03/2023-06-09,True,True,6,-4.18,7.59,-7.24,-1.65
JKIL,2023-06-03/2023-06-09,True,False,12,45.85,48.47,0.0,45.85
JUSTDIAL,2023-06-03/2023-06-09,True,True,2,-2.73,5.3,-2.99,1.61
MAZDOCK,2023-06-03/2023-06-09,True,False,12,81.62,96.54,-1.7,81.62
MPSLTD,2023-06-03/2023-06-09,True,True,2,-10.57,4.03,-11.56,24.94
NLCINDIA,2023-06-03/2023-06-09,True,False,12,35.97,39.1,-4.82,35.97
PAYTM,2023-06-03/2023-06-09,True,True,7,-6.77,11.81,-8.1,4.78
PITTIENG,2023-06-03/2023-06-09,True,False,12,71.31,73.68,-7.27,71.31
PRIMESECU,2023-06-03/2023-06-09,True,False,12,18.25,21.09,-2.52,18.25
SARDAEN,2023-06-03/2023-06-09,True,True,8,-84.86,57.97,-85.34,-81.37
SHARDACROP,2023-06-03/2023-06-09,True,True,2,-5.62,1.07,-6.03,-19.98
SNOWMAN,2023-06-03/2023-06-09,True,False,12,23.17,26.66,-5.17,23.17
STAR,2023-06-03/2023-06-09,True,False,12,9.99,22.76,-0.78,9.99
SWARAJENG,2023-06-03/2023-06-09,True,True,2,-1.03,5.64,-1.5,-3.2
TATACOMM,2023-06-03/2023-06-09,True,False,12,25.5,27.44,-1.96,25.5
TEXRAIL,2023-06-03/2023-06-09,True,False,12,118.66,130.97,-3.54,118.66
TORNTPOWER,2023-06-03/2023-06-09,True,True,2,-5.91,1.01,-6.6,-2.32
AJMERA,2023-06-10/2023-06-16,True,True,10,-8.12,11.16,-10.48,4.68
APOLLOHOSP,2023-06-10/2023-06-16,True,True,7,-4.59,2.76,-5.05,-4.5
ARTEMISMED,2023-06-10/2023-06-16,True,False,12,25.49,38.92,-6.07,25.49
ASHOKLEY,2023-06-10/2023-06-16,True,False,12,10.6,15.36,-3.83,10.6
BERGEPAINT,2023-06-10/2023-06-16,True,False,12,6.44,7.77,-2.79,6.44
CENTURYPLY,2023-06-10/2023-06-16,True,False,12,9.22,13.18,-5.17,9.22
DALBHARAT,2023-06-10/2023-06-16,True,True,3,-4.76,1.18,-5.02,3.02
GABRIEL,2023-06-10/2023-06-16,True,False,12,62.22,76.12,-3.79,62.22
GENUSPOWER,2023-06-10/2023-06-16,True,False,12,147.93,160.99,-5.63,147.93
GODREJIND,2023-06-10/2023-06-16,True,True,5,-5.08,3.79,-5.99,15.85
GODREJPROP,2023-06-10/2023-06-16,True,False,12,10.7,15.65,-3.32,10.7
GOKEX,2023-06-10/2023-06-16,True,False,12,59.17,82.31,-2.12,59.17
GPIL,2023-06-10/2023-06-16,True,False,12,33.05,38.28,-0.65,33.05
HPL,2023-06-10/2023-06-16,True,False,12,114.27,147.16,-0.64,114.27
IDFCFIRSTB,2023-06-10/2023-06-16,True,False,12,16.28,22.8,-7.87,16.28
IRISDOREME,2023-06-10/2023-06-16,True,True,8,-76.36,14.35,-78.8,-82.37
JKIL,2023-06-10/2023-06-16,True,False,12,32.47,36.96,-5.46,32.47
KALYANKJIL,2023-06-10/2023-06-16,True,False,12,83.96,95.45,-9.33,83.96
KARURVYSYA,2023-06-10/2023-06-16,True,True,9,-9.21,7.03,-10.1,1.09
KIRLFER,2023-06-10/2023-06-16,True,False,12,-0.45,8.18,-8.63,-0.45
L&TFH,2023-06-10/2023-06-16,True,False,12,8.83,17.96,-3.28,8.83
LINDEINDIA,2023-06-10/2023-06-16,True,False,12,45.66,51.45,-4.53,45.66
MRPL,2023-06-10/2023-06-16,True,False,12,30.6,37.01,-0.14,30.6
MSTCLTD,2023-06-10/2023-06-16,True,False,12,22.42,39.39,-1.85,22.42
NAHARINDUS,2023-06-10/2023-06-16,True,True,3,-2.12,8.32,-3.22,10.99
NAZARA,2023-06-10/2023-06-16,True,True,4,-3.16,7.78,-12.14,27.03
OBEROIRLTY,2023-06-10/2023-06-16,True,False,12,15.87,16.65,-4.22,15.87
OFSS,2023-06-10/2023-06-16,True,False,12,12.2,12.61,-3.56,12.2
PCBL,2023-06-10/2023-06-16,True,False,12,8.02,10.83,-6.64,8.02
POLYMED,2023-06-10/2023-06-16,True,True,4,-3.3,13.93,-6.85,20.29
ROTO,2023-06-10/2023-06-16,True,True,2,-4.71,1.89,-8.7,-55.92
SARDAEN,2023-06-10/2023-06-16,True,True,7,-86.31,42.86,-86.74,-83.31
SMLT,2023-06-10/2023-06-16,True,True,8,-11.87,15.1,-14.22,2.96
TATACOMM,2023-06-10/2023-06-16,True,True,3,-5.22,1.83,-7.5,15.31
TRENT,2023-06-10/2023-06-16,True,True,4,-1.56,4.52,-3.32,21.7
UGARSUGAR,2023-06-10/2023-06-16,True,True,8,-12.41,10.58,-15.09,-7.61
VIPCLOTHNG,2023-06-10/2023-06-16,True,True,6,-3.67,15.36,-14.59,-11.88
WELENT,2023-06-10/2023-06-16,True,False,12,49.32,67.74,-1.24,49.32
WINDLAS,2023-06-10/2023-06-16,True,False,12,22.52,37.1,-4.87,22.52
ZYDUSLIFE,2023-06-10/2023-06-16,True,False,12,13.99,21.36,-0.57,13.99
EXIDEIND,2023-06-17/2023-06-23,True,False,12,14.17,19.07,-2.53,14.17
KKCL,2023-06-17/2023-06-23,True,False,12,31.24,38.44,-2.17,31.24
PTC,2023-06-17/2023-06-23,True,False,12,26.2,34.23,-7.9,26.2
RICOAUTO,2023-06-17/2023-06-23,True,True,5,-5.18,7.06,-6.05,-19.68
ROLEXRINGS,2023-06-17/2023-06-23,True,False,12,8.79,13.09,-4.83,8.79
SHALBY,2023-06-17/2023-06-23,True,False,12,41.05,54.87,-1.51,41.05
VGUARD,2023-06-17/2023-06-23,True,False,12,17.48,26.46,-1.74,17.48
63MOONS,2023-06-24/2023-06-30,True,False,12,22.07,49.05,-8.68,22.07
ABCAPITAL,2023-06-24/2023-06-30,True,True,3,-5.73,1.12,-7.97,-11.19
AMARAJABAT,2023-06-24/2023-06-30,True,True,3,-9.28,3.05,-11.42,-7.65
CENTURYTEX,2023-06-24/2023-06-30,True,False,12,25.24,31.41,-2.94,25.24
GPPL,2023-06-24/2023-06-30,True,True,8,-5.86,2.51,-6.55,2.18
ICRA,2023-06-24/2023-06-30,True,False,12,3.23,16.59,-0.86,3.23
INDIGO,2023-06-24/2023-06-30,True,True,5,-4.31,4.54,-7.46,-10.3
JKTYRE,2023-06-24/2023-06-30,True,False,12,17.77,21.04,-3.66,17.77
KTKBANK,2023-06-24/2023-06-30,True,False,12,26.74,35.1,-2.99,26.74
RANEHOLDIN,2023-06-24/2023-06-30,True,True,2,-5.94,1.44,-8.1,1.49
RBL,2023-06-24/2023-06-30,True,True,3,-4.91,4.07,-5.43,-8.04
5PAISA,2023-07-01/2023-07-07,True,False,12,10.68,21.75,-3.06,10.68
ACE,2023-07-01/2023-07-07,True,False,12,15.91,38.22,-3.85,15.91
AMARAJABAT,2023-07-01/2023-07-07,True,True,2,-11.25,0.38,-13.35,-9.37
ANANDRATHI,2023-07-01/2023-07-07,True,False,12,83.19,88.55,-0.27,83.19
BAJAJ-AUTO,2023-07-01/2023-07-07,True,True,4,-2.83,3.01,-3.07,4.43
BBL,2023-07-01/2023-07-07,True,False,12,7.63,31.28,-1.49,7.63
BSE,2023-07-01/2023-07-07,True,False,12,84.11,103.97,-1.82,84.11
GABRIEL,2023-07-01/2023-07-07,True,False,12,61.71,66.21,-2.96,61.71
HINDZINC,2023-07-01/2023-07-07,True,True,2,-3.88,0.91,-4.65,-6.75
ICICIB22,2023-07-01/2023-07-07,True,False,12,15.03,16.59,0.0,15.03
J&KBANK,2023-07-01/2023-07-07,True,True,3,-1.46,12.23,-2.18,53.35
JYOTHYLAB,2023-07-01/2023-07-07,True,False,12,51.44,63.83,-4.16,51.44
KEC,2023-07-01/2023-07-07,True,False,12,11.16,25.45,-2.48,11.16
KOVAI,2023-07-01/2023-07-07,True,False,12,4.54,14.85,-5.3,4.54
LAOPALA,2023-07-01/2023-07-07,True,True,4,-2.85,4.43,-5.58,-6.36
M&M,2023-07-01/2023-07-07,True,True,2,-2.78,1.77,-3.07,-0.81
MAITHANALL,2023-07-01/2023-07-07,True,True,5,-6.0,7.77,-7.14,-7.47
MANGCHEFER,2023-07-01/2023-07-07,True,False,12,-3.43,6.55,-11.74,-3.43
MOIL,2023-07-01/2023-07-07,True,False,12,23.05,38.5,-0.42,23.05
PNB,2023-07-01/2023-07-07,True,False,12,31.48,35.49,-4.67,31.48
RADICO,2023-07-01/2023-07-07,True,True,6,-4.09,10.71,-6.84,-9.83
SUPRAJIT,2023-07-01/2023-07-07,True,True,3,-2.93,3.8,-4.65,-10.17
SWELECTES,2023-07-01/2023-07-07,True,False,12,41.86,53.8,-3.49,41.86
TATAPOWER,2023-07-01/2023-07-07,True,True,2,-5.17,0.0,-5.45,14.42
TITAN,2023-07-01/2023-07-07,True,True,2,-5.66,0.0,-6.07,-0.2
AKZOINDIA,2023-07-08/2023-07-14,True,True,9,-5.45,8.02,-6.23,-8.64
ANANDRATHI,2023-07-08/2023-07-14,True,False,12,71.21,72.65,-5.76,71.21
ASHOKA,2023-07-08/2023-07-14,True,False,12,36.23,37.73,-4.66,36.23
BBL,2023-07-08/2023-07-14,True,False,12,4.26,19.32,-4.09,4.26
BSOFT,2023-07-08/2023-07-14,True,False,12,33.78,39.74,-2.13,33.78
CRAFTSMAN,2023-07-08/2023-07-14,True,False,12,1.05,10.73,-6.98,1.05
GICHSGFIN,2023-07-08/2023-07-14,True,True,4,-5.87,9.17,-7.24,11.08
GILLETTE,2023-07-08/2023-07-14,True,True,4,-6.23,1.84,-6.95,5.87
JINDALSTEL,2023-07-08/2023-07-14,True,False,12,6.39,12.52,-2.71,6.39
JSWISPL,2023-07-08/2023-07-14,False,False,4,3.31,4.9,-4.37,
JUSTDIAL,2023-07-08/2023-07-14,True,True,2,-10.08,1.27,-11.29,-13.92
KSL,2023-07-08/2023-07-14,True,False,12,30.9,46.63,-3.27,30.9
MAPMYINDIA,2023-07-08/2023-07-14,True,False,12,50.57,54.35,-3.05,50.57
MARKSANS,2023-07-08/2023-07-14,True,False,12,4.95,17.85,-3.8,4.95
MASTEK,2023-07-08/2023-07-14,True,True,2,-7.09,3.67,-7.49,9.99
MHRIL,2023-07-08/2023-07-14,True,False,12,34.83,36.57,-0.37,34.83
MTARTECH,2023-07-08/2023-07-14,True,False,12,23.64,37.57,-2.96,23.64
NATIONALUM,2023-07-08/2023-07-14,True,True,5,-4.3,7.61,-4.96,4.69
PENIND,2023-07-08/2023-07-14,True,True,3,-8.68,4.48,-10.86,23.56
PIXTRANS,2023-07-08/2023-07-14,True,True,6,-9.75,23.05,-10.2,-5.74
POLYCAB,2023-07-08/2023-07-14,True,False,12,35.13,39.33,-0.13,35.13
PRIMESECU,2023-07-08/2023-07-14,True,False,12,10.9,22.31,-5.41,10.9
RBLBANK,2023-07-08/2023-07-14,True,False,12,15.12,19.4,-2.77,15.12
RPGLIFE,2023-07-08/2023-07-14,True,False,12,28.59,37.57,-4.83,28.59
SAIL,2023-07-08/2023-07-14,True,True,5,-7.91,4.97,-8.41,-3.0
SANGHIIND,2023-07-08/2023-07-14,True,False,12,51.07,61.38,-9.34,51.07
SUNDARMHLD,2023-07-08/2023-07-14,True,False,12,15.7,31.12,-4.16,15.7
TATAMETALI,2023-07-08/2023-07-14,True,False,12,10.81,17.88,-2.12,10.81
TECHNOE,2023-07-08/2023-07-14,True,False,12,19.92,28.34,-4.21,19.92
TEJASNET,2023-07-08/2023-07-14,True,False,12,3.86,8.33,-11.0,3.86
TINPLATE,2023-07-08/2023-07-14,True,False,12,11.5,19.52,-3.32,11.5
TRIGYN,2023-07-08/2023-07-14,True,True,5,-10.62,5.83,-11.47,-5.57
ALKEM,2023-07-15/2023-07-21,True,True,5,-0.87,14.37,-1.08,-2.63
CUPID,2023-07-15/2023-07-21,True,True,2,-8.58,5.54,-14.77,52.25
DAAWAT,2023-07-15/2023-07-21,True,False,12,9.1,18.5,-10.5,9.1
DCAL,2023-07-15/2023-07-21,True,False,12,4.45,13.99,-6.87,4.45
DLINKINDIA,2023-07-15/2023-07-21,True,False,12,0.95,13.53,-10.37,0.95
DODLA,2023-07-15/2023-07-21,True,True,8,-9.95,15.69,-15.73,-12.72
FINCABLES,2023-07-15/2023-07-21,True,False,12,-0.64,21.3,-2.46,-0.64
FORTIS,2023-07-15/2023-07-21,True,True,3,-5.12,5.19,-6.18,1.01
GMDCLTD,2023-07-15/2023-07-21,True,True,2,-7.64,1.87,-9.46,121.74
HATSUN,2023-07-15/2023-07-21,True,False,12,5.39,14.8,-9.59,5.39
ICICIBANKP,2023-07-15/2023-07-21,True,True,2,-2.76,0.21,-4.19,-2.82
JKIL,2023-07-15/2023-07-21,True,False,12,26.2,32.37,-1.63,26.2
MAGADSUGAR,2023-07-15/2023-07-21,True,False,12,55.49,65.07,0.0,55.49
MAHABANK,2023-07-15/2023-07-21,True,False,12,35.65,50.43,-5.22,35.65
MCDOWELL-N,2023-07-15/2023-07-21,True,False,12,1.84,3.7,-7.22,1.84
MEDPLUS,2023-07-15/2023-07-21,True,True,3,-7.37,4.43,-10.84,-18.71
MHRIL,2023-07-15/2023-07-21,True,False,12,26.27,28.1,-9.56,26.27
MPHASIS,2023-07-15/2023-07-21,True,False,12,1.95,9.49,-6.34,1.95
PITTIENG,2023-07-15/2023-07-21,True,False,12,50.81,56.71,-0.67,50.81
PRICOLLTD,2023-07-15/2023-07-21,True,False,12,22.3,29.8,-2.98,22.3
RATNAMANI,2023-07-15/2023-07-21,True,False,12,0.81,7.49,-4.45,0.81
RITES,2023-07-15/2023-07-21,True,False,12,8.56,27.19,-5.26,8.56
SANGHIIND,2023-07-15/2023-07-21,True,False,12,39.45,53.85,-5.71,39.45
SWSOLAR,2023-07-15/2023-07-21,True,True,5,-23.68,11.9,-24.63,18.44
TINPLATE,2023-07-15/2023-07-21,True,False,12,10.6,19.6,-1.92,10.6
TRIVENI,2023-07-15/2023-07-21,True,True,3,-7.39,6.32,-8.05,22.29
UNIONBANK,2023-07-15/2023-07-21,True,True,6,-5.38,6.37,-6.76,13.08
UNIVCABLES,2023-07-15/2023-07-21,True,True,4,-12.65,19.2,-16.94,8.1
VSTIND,2023-07-15/2023-07-21,True,True,2,-2.1,5.81,-2.19,-8.13
ZOTA,2023-07-15/2023-07-21,True,True,10,-8.2,17.86,-9.52,-7.96
ADVENZYMES,2023-07-22/2023-07-28,True,True,7,-4.69,5.3,-8.54,0.82
AJANTPHARM,2023-07-22/2023-07-28,True,False,12,7.91,17.2,0.0,7.91
ALEMBICLTD,2023-07-22/2023-07-28,True,True,8,-6.95,5.04,-8.27,2.04
ALKEM,2023-07-22/2023-07-28,True,True,2,-4.09,6.47,-4.64,-10.02
APLAPOLLO,2023-07-22/2023-07-28,True,False,12,16.58,22.78,-1.5,16.58
BALMLAWRIE,2023-07-22/2023-07-28,True,False,12,-2.9,19.01,-6.73,-2.9
FINPIPE,2023-07-22/2023-07-28,True,False,12,11.87,29.33,-2.09,11.87
FOSECOIND,2023-07-22/2023-07-28,True,False,12,-2.06,13.47,-8.46,-2.06
GAIL,2023-07-22/2023-07-28,True,True,3,-6.44,2.16,-7.35,3.91
GATEWAY,2023-07-22/2023-07-28,True,False,12,17.22,19.83,-4.02,17.22
GNA,2023-07-22/2023-07-28,True,True,3,-3.45,3.44,-5.78,-55.3
GOODLUCK,2023-07-22/2023-07-28,True,False,12,58.97,62.09,-4.93,58.97
HINDCOPPER,2023-07-22/2023-07-28,True,False,12,17.11,32.89,-1.1,17.11
JAGSNPHARM,2023-07-22/2023-07-28,True,True,4,-7.7,11.62,-8.86,-8.79
KIRLFER,2023-07-22/2023-07-28,True,True,7,-9.82,3.84,-14.24,-7.66
MMFL,2023-07-22/2023-07-28,True,True,3,-7.85,10.45,-9.75,-10.13
MUKANDLTD,2023-07-22/2023-07-28,True,True,3,-0.82,15.15,-3.75,9.23
NHPC,2023-07-22/2023-07-28,True,False,12,1.58,12.13,-4.44,1.58
NILKAMAL,2023-07-22/2023-07-28,True,True,3,-13.64,2.19,-14.94,-16.13
RECLTD,2023-07-22/2023-07-28,True,False,12,47.84,53.67,-1.67,47.84
SUNDARMHLD,2023-07-22/2023-07-28,True,True,8,-6.51,7.63,-7.23,0.16
TATACHEM,2023-07-22/2023-07-28,True,True,2,-5.15,2.2,-6.88,-4.58
TATAMETALI,2023-07-22/2023-07-28,True,True,3,-2.98,1.92,-3.65,5.05
TATAPOWER,2023-07-22/2023-07-28,True,True,3,-2.73,3.74,-3.59,4.59
TATASTLLP,2023-07-22/2023-07-28,True,False,12,9.21,16.04,-2.17,9.21
TINPLATE,2023-07-22/2023-07-28,True,True,3,-2.94,2.17,-3.63,5.68
VSTIND,2023-07-22/2023-07-28,True,True,2,-6.62,4.13,-6.98,-10.99
ADVENZYMES,2023-07-29/2023-08-04,True,True,3,-6.41,0.99,-6.75,-10.3
BERGEPAINT,2023-07-29/2023-08-04,True,True,7,-5.45,7.22,-11.85,-24.06
BLS,2023-07-29/2023-08-04,True,False,12,1.05,23.82,-5.78,1.05
BPL,2023-07-29/2023-08-04,True,True,2,-9.23,2.15,-9.81,21.33
CENTENKA,2023-07-29/2023-08-04,True,True,2,-6.57,2.75,-7.58,-0.72
CONTROLPR,2023-07-29/2023-08-04,True,False,12,20.2,24.67,-3.47,20.2
COROMANDEL,2023-07-29/2023-08-04,True,False,12,2.54,13.04,-1.24,2.54
FSL,2023-07-29/2023-08-04,True,False,12,4.38,17.73,-3.21,4.38
GARFIBRES,2023-07-29/2023-08-04,True,False,12,-4.09,0.0,-8.75,-4.09
GICHSGFIN,2023-07-29/2023-08-04,True,True,2,-14.31,0.88,-16.29,-7.33
HCG,2023-07-29/2023-08-04,True,False,12,5.52,11.88,-5.54,5.52
HPAL,2023-07-29/2023-08-04,True,True,7,-5.22,12.68,-7.22,-4.92
IDBI,2023-07-29/2023-08-04,True,True,2,-5.29,3.97,-5.75,-2.33
IRFC,2023-07-29/2023-08-04,True,False,12,56.58,100.98,-2.39,56.58
KCP,2023-07-29/2023-08-04,True,True,2,-4.13,5.72,-6.47,10.06
KSB,2023-07-29/2023-08-04,True,False,12,10.85,26.67,-3.33,10.85
LICHSGFIN,2023-07-29/2023-08-04,True,True,2,-3.36,4.04,-4.22,2.78
MRF,2023-07-29/2023-08-04,True,False,12,-2.94,1.76,-5.98,-2.94
NAVKARCORP,2023-07-29/2023-08-04,True,True,2,-11.65,6.01,-13.65,-12.39
NBCC,2023-07-29/2023-08-04,True,False,12,34.27,55.38,-2.82,34.27
NELCAST,2023-07-29/2023-08-04,True,False,12,34.52,43.9,-4.27,34.52
ORIENTCEM,2023-07-29/2023-08-04,True,False,12,22.04,33.64,-0.65,22.04
PPL,2023-07-29/2023-08-04,True,False,12,55.98,85.74,-11.17,55.98
RAMCOSYS,2023-07-29/2023-08-04,True,True,12,-11.72,11.97,-17.2,-11.72
RELIGARE,2023-07-29/2023-08-04,True,False,12,19.33,44.05,-0.41,19.33
RPSGVENT,2023-07-29/2023-08-04,True,False,12,-0.87,26.4,-5.54,-0.87
SAKAR,2023-07-29/2023-08-04,True,False,12,-5.23,12.37,-14.2,-5.23
SHIVALIK,2023-07-29/2023-08-04,True,True,2,-15.12,1.14,-18.11,-21.64
SHREDIGCEM,2023-07-29/2023-08-04,True,True,12,-5.44,10.34,-9.42,-5.44
STARCEMENT,2023-07-29/2023-08-04,True,True,2,-6.31,1.64,-6.94,-6.76
SUDARSCHEM,2023-07-29/2023-08-04,True,True,2,-5.48,7.48,-6.9,-9.7
VAIBHAVGBL,2023-07-29/2023-08-04,True,True,2,-4.74,1.79,-5.26,4.73
VENKEYS,2023-07-29/2023-08-04,True,False,12,-13.99,1.83,-20.16,-13.99
VIDHIING,2023-07-29/2023-08-04,True,False,12,-3.97,8.7,-9.97,-3.97
BFUTILITIE,2023-08-05/2023-08-11,True,False,12,35.71,79.42,-3.02,35.71
CAMS,2023-08-05/2023-08-11,True,True,3,-2.6,5.22,-2.81,-1.17
CENTRALBK,2023-08-05/2023-08-11,True,False,12,32.13,68.17,-2.85,32.13
EMAMILTD,2023-08-05/2023-08-11,True,False,12,-2.15,12.16,-5.89,-2.15
INDIACEM,2023-08-05/2023-08-11,True,True,2,-7.04,3.57,-7.98,-16.17
INDIANB,2023-08-05/2023-08-11,True,True,3,-2.81,7.71,-3.48,10.93
JSWENERGY,2023-08-05/2023-08-11,True,False,12,14.14,30.14,-1.45,14.14
MARATHON,2023-08-05/2023-08-11,True,False,12,13.1,27.47,-4.76,13.1
NCLIND,2023-08-05/2023-08-11,True,True,11,-6.28,9.87,-11.05,-5.06
PPAP,2023-08-05/2023-08-11,True,False,12,12.45,36.11,-9.61,12.45
PRAJIND,2023-08-05/2023-08-11,True,False,12,15.4,29.59,-3.42,15.4
RATEGAIN,2023-08-05/2023-08-11,True,True,6,-1.36,17.29,-3.46,27.46
SIGACHI,2023-08-05/2023-08-11,True,True,9,-88.74,20.52,-89.09,-87.89
TRENT,2023-08-05/2023-08-11,True,False,12,16.53,17.24,-1.32,16.53
ASTRAZEN,2023-08-12/2023-08-18,True,False,12,13.49,21.88,-1.92,13.49
CSBBANK,2023-08-12/2023-08-18,True,False,12,9.23,17.3,-2.29,9.23
GRAUWEIL,2023-08-12/2023-08-18,True,True,5,-5.58,8.4,-6.3,-47.86
HEMIPROP,2023-08-12/2023-08-18,True,True,7,-7.66,2.22,-9.48,10.69
KHADIM,2023-08-12/2023-08-18,True,False,12,47.92,55.54,-4.05,47.92
LEMONTREE,2023-08-12/2023-08-18,True,False,12,9.01,22.22,-2.89,9.01
ORIENTPPR,2023-08-12/2023-08-18,True,True,10,-7.16,20.69,-13.42,-11.91
PRIMESECU,2023-08-12/2023-08-18,True,True,10,-2.31,13.99,-8.95,4.32
SHREEPUSHK,2023-08-12/2023-08-18,True,True,5,-8.64,1.99,-13.91,-14.89
ATULAUTO,2023-08-19/2023-08-25,True,False,12,26.0,41.36,-2.49,26.0
CHEMPLASTS,2023-08-19/2023-08-25,True,True,3,-5.34,3.26,-9.39,-17.04
DYNPRO,2023-08-19/2023-08-25,True,True,3,-10.03,4.7,-11.27,-31.18
GEOJITFSL,2023-08-19/2023-08-25,True,True,4,-3.2,11.86,-5.46,27.87
GMDCLTD,2023-08-19/2023-08-25,True,False,12,68.91,90.11,-0.2,68.91
GODREJIND,2023-08-19/2023-08-25,True,False,12,20.57,34.85,-4.51,20.57
HONDAPOWER,2023-08-19/2023-08-25,True,True,12,-3.61,18.79,-4.92,-3.61
KHADIM,2023-08-19/2023-08-25,True,False,12,34.41,51.95,-6.26,34.41
MAHSCOOTER,2023-08-19/2023-08-25,True,False,12,20.96,34.3,0.0,20.96
PENIND,2023-08-19/2023-08-25,True,True,6,-3.5,7.68,-9.56,1.44
PRIMESECU,2023-08-19/2023-08-25,True,True,9,-4.97,10.89,-11.42,9.54
STARPAPER,2023-08-19/2023-08-25,True,False,12,-0.16,13.94,-6.9,-0.16
STCINDIA,2023-08-19/2023-08-25,True,False,12,6.64,66.4,-2.06,6.64
TIRUMALCHM,2023-08-19/2023-08-25,True,True,4,-2.32,9.25,-7.48,-14.65
VSTTILLERS,2023-08-19/2023-08-25,True,False,12,11.18,16.56,-5.87,11.18
ASIANTILES,2023-08-26/2023-09-01,True,True,2,-2.91,5.21,-11.1,16.85
DCMSHRIRAM,2023-08-26/2023-09-01,True,True,9,-15.33,7.39,-17.71,-9.28
EIHOTEL,2023-08-26/2023-09-01,True,True,2,-10.36,0.0,-11.63,-11.14
GHCL,2023-08-26/2023-09-01,True,True,8,-4.38,7.74,-8.37,-12.12
GPPL,2023-08-26/2023-09-01,True,True,3,-4.64,6.68,-6.68,3.21
KPRMILL,2023-08-26/2023-09-01,True,True,2,-5.75,3.57,-6.99,11.04
MAGADSUGAR,2023-08-26/2023-09-01,True,False,12,54.06,59.32,-0.01,54.06
MARUTI,2023-08-26/2023-09-01,True,False,12,1.1,4.27,-2.99,1.1
MCX,2023-08-26/2023-09-01,True,False,12,60.48,66.11,-6.69,60.48
MINDACORP,2023-08-26/2023-09-01,True,True,3,-4.52,3.18,-6.65,-1.62
NEOGEN,2023-08-26/2023-09-01,True,True,7,-3.6,6.81,-5.14,-11.7
RITES,2023-08-26/2023-09-01,True,True,3,-7.23,10.61,-9.27,-11.16
SHARDAMOTR,2023-08-26/2023-09-01,True,True,4,-5.41,6.64,-5.93,21.68
SHAREINDIA,2023-08-26/2023-09-01,True,True,2,-4.89,0.25,-6.95,21.44
TATAMETALI,2023-08-26/2023-09-01,True,True,3,-1.7,3.98,-2.76,0.24
TTML,2023-08-26/2023-09-01,True,True,8,-6.11,18.07,-9.63,-3.68
TVSMOTOR,2023-08-26/2023-09-01,True,False,12,23.2,24.46,-1.49,23.2
ANDREWYU,2023-09-02/2023-09-08,False,False,7,0.0,29.82,-9.89,
AVADHSUGAR,2023-09-02/2023-09-08,True,False,12,18.78,25.92,-8.83,18.78
BANKINDIA,2023-09-02/2023-09-08,True,False,12,14.48,21.19,-7.99,14.48
BBTC,2023-09-02/2023-09-08,True,False,12,10.77,21.25,-9.81,10.77
CENTRALBK,2023-09-02/2023-09-08,True,False,12,12.01,41.59,-7.46,12.01
DONEAR,2023-09-02/2023-09-08,True,True,9,-19.82,1.45,-22.43,-12.22
FMGOETZE,2023-09-02/2023-09-08,True,True,2,-15.8,0.76,-16.46,-11.5
GMBREW,2023-09-02/2023-09-08,True,False,12,-7.63,13.8,-13.37,-7.63
HAVELLS,2023-09-02/2023-09-08,True,True,6,-11.8,0.0,-12.0,-10.46
HONDAPOWER,2023-09-02/2023-09-08,True,True,10,-11.94,8.53,-13.14,-18.61
IDBI,2023-09-02/2023-09-08,True,True,7,-11.74,5.06,-14.48,-12.16
IOLCP,2023-09-02/2023-09-08,True,True,7,-12.2,10.72,-18.22,-6.05
KIOCL,2023-09-02/2023-09-08,True,False,12,14.08,93.23,-13.45,14.08
KRBL,2023-09-02/2023-09-08,True,True,2,-11.33,1.27,-11.59,-24.11
LEMONTREE,2023-09-02/2023-09-08,True,True,8,-6.44,8.89,-13.48,-2.92
LICHSGFIN,2023-09-02/2023-09-08,True,False,12,8.06,10.32,-5.25,8.06
NAHARINDUS,2023-09-02/2023-09-08,True,True,9,-11.94,6.39,-14.32,-8.78
PDSL,2023-09-02/2023-09-08,True,False,12,45.84,69.9,-1.02,45.84
PETRONET,2023-09-02/2023-09-08,True,True,4,-8.55,0.97,-9.07,-19.85
PRSMJOHNSN,2023-09-02/2023-09-08,True,True,2,-10.43,1.05,-11.06,26.49
PSB,2023-09-02/2023-09-08,True,False,12,2.38,33.87,-8.63,2.38
RITES,2023-09-02/2023-09-08,True,True,2,-11.74,5.23,-13.68,-15.7
SAPPHIRE,2023-09-02/2023-09-08,True,True,7,-16.03,1.94,-16.51,-7.97
SARLAPOLY,2023-09-02/2023-09-08,True,True,3,-14.91,0.0,-15.95,-15.6
SASKEN,2023-09-02/2023-09-08,True,False,12,3.2,30.73,-8.58,3.2
SCHAEFFLER,2023-09-02/2023-09-08,True,True,2,-14.82,1.73,-15.09,-21.71
SIYSIL,2023-09-02/2023-09-08,True,True,5,-10.49,4.61,-10.87,-10.87
SOBHA,2023-09-02/2023-09-08,True,False,12,38.18,40.12,-6.87,38.18
SREEL,2023-09-02/2023-09-08,True,False,12,29.09,43.98,-7.57,29.09
SUPRIYA,2023-09-02/2023-09-08,True,True,5,-20.42,0.93,-21.02,-8.25
TRIVENI,2023-09-02/2023-09-08,True,False,12,9.15,17.32,-7.66,9.15
UBL,2023-09-02/2023-09-08,True,True,2,-7.19,0.09,-7.52,-0.72
UCOBANK,2023-09-02/2023-09-08,True,False,12,7.34,36.86,-7.63,7.34
WIPRO,2023-09-02/2023-09-08,True,True,2,-3.35,2.48,-3.79,-5.85
BALRAMCHIN,2023-09-09/2023-09-15,True,True,12,-11.64,9.33,-13.6,-11.64
BANKINDIA,2023-09-09/2023-09-15,True,True,5,-5.64,7.82,-6.77,8.29
CANBK,2023-09-09/2023-09-15,True,False,12,19.86,20.61,-6.5,19.86
CENTRALBK,2023-09-09/2023-09-15,True,True,6,-4.82,19.91,-12.53,0.54
CHOLAFIN,2023-09-09/2023-09-15,True,True,6,-5.04,3.49,-9.38,-5.15
DHAMPURSUG,2023-09-09/2023-09-15,True,True,4,-7.05,4.16,-7.45,-23.18
DWARKESH,2023-09-09/2023-09-15,True,True,6,-12.98,5.17,-14.27,-19.73
ETHOSLTD,2023-09-09/2023-09-15,True,True,5,-4.04,5.17,-5.87,7.12
GILLETTE,2023-09-09/2023-09-15,True,False,12,-1.74,3.4,-6.27,-1.74
GRANULES,2023-09-09/2023-09-15,True,False,12,16.65,21.59,-4.22,16.65
GRASIM,2023-09-09/2023-09-15,True,True,6,-6.26,2.12,-7.09,4.55
INDNIPPON,2023-09-09/2023-09-15,True,True,3,-4.99,1.31,-7.92,1.24
MARATHON,2023-09-09/2023-09-15,True,True,6,-11.03,4.55,-11.98,-1.14
NHPC,2023-09-09/2023-09-15,True,True,5,-6.02,2.83,-6.84,15.33
NIACL,2023-09-09/2023-09-15,True,False,12,59.49,83.08,-9.05,59.49
PDSL,2023-09-09/2023-09-15,True,False,12,25.7,49.48,-4.72,25.7
PNB,2023-09-09/2023-09-15,True,True,5,-2.56,12.61,-3.1,16.72
PRECWIRE,2023-09-09/2023-09-15,True,False,12,8.45,22.86,-7.05,8.45
PSB,2023-09-09/2023-09-15,True,True,4,-2.92,20.47,-4.39,-2.81
RANEHOLDIN,2023-09-09/2023-09-15,True,True,3,-5.24,2.03,-6.12,2.24
SIYSIL,2023-09-09/2023-09-15,True,True,4,-11.21,0.0,-11.59,-11.02
SPIC,2023-09-09/2023-09-15,True,True,6,-11.86,1.1,-18.04,-4.57
TCPLPACK,2023-09-09/2023-09-15,True,False,12,5.39,12.81,-8.13,5.39
CANBK,2023-09-16/2023-09-22,True,False,12,16.98,18.43,-10.9,16.98
RAMCOSYS,2023-09-16/2023-09-22,True,True,3,-6.59,5.7,-6.73,-8.42
TATAINVEST,2023-09-16/2023-09-22,True,False,12,53.03,68.44,-0.14,53.03
AWHCL,2023-09-23/2023-09-29,True,False,12,30.35,42.11,-5.35,30.35
LIKHITHA,2023-09-23/2023-09-29,True,True,4,-12.46,0.06,-16.91,-16.97
THEMISMED,2023-09-23/2023-09-29,True,True,2,-90.99,4.88,-91.04,-90.29
WONDERLA,2023-09-23/2023-09-29,True,False,12,15.14,35.74,-3.06,15.14
ECLERX,2023-09-30/2023-10-06,True,True,2,-6.19,4.65,-6.98,20.54
FOODSIN,2023-09-30/2023-10-06,True,True,2,-10.78,5.56,-11.38,-23.97
ASHIANA,2023-10-07/2023-10-13,True,True,2,-7.33,6.24,-11.13,21.72
CARERATING,2023-10-07/2023-10-13,True,True,2,-5.66,2.83,-10.1,-1.02
DOLATALGO,2023-10-07/2023-10-13,True,True,2,-9.84,0.32,-16.98,3.97
EMKAY,2023-10-07/2023-10-13,True,True,2,-8.42,4.93,-13.7,25.01
RIIL,2023-10-07/2023-10-13,True,True,2,-7.95,9.17,-10.7,24.2
APCL,2023-10-14/2023-10-20,True,False,12,-0.72,8.01,-12.88,-0.72
BBTC,2023-10-14/2023-10-20,True,True,9,-9.94,4.81,-14.62,11.98
CIGNITITEC,2023-10-14/2023-10-20,True,False,12,4.63,18.97,-9.92,4.63
CRISIL,2023-10-14/2023-10-20,True,False,12,-2.61,6.08,-9.04,-2.61
DVL,2023-10-14/2023-10-20,True,False,12,13.18,21.77,-12.75,13.18
HOMEFIRST,2023-10-14/2023-10-20,True,False,12,3.5,12.33,-10.04,3.5
KPRMILL,2023-10-14/2023-10-20,True,False,12,-5.06,11.83,-10.08,-5.06
NESTLEIND,2023-10-14/2023-10-20,True,True,11,-89.03,13.96,-89.13,-89.51
RGL,2023-10-14/2023-10-20,True,True,3,-18.11,1.56,-20.83,-8.88
SOTL,2023-10-14/2023-10-20,True,True,2,-13.19,1.87,-13.81,-0.78
CREDITACC,2023-10-21/2023-10-27,True,False,12,5.57,13.17,-3.07,5.57
ICIL,2023-10-21/2023-10-27,True,False,12,3.41,19.18,-1.49,3.41
MANGLMCEM,2023-10-21/2023-10-27,True,False,12,64.95,96.02,-2.24,64.95
SONATSOFTW,2023-10-21/2023-10-27,True,True,7,-35.37,24.79,-40.47,-35.28
ALLSEC,2023-10-28/2023-11-03,True,False,12,15.9,17.38,-11.91,15.9
ANUP,2023-10-28/2023-11-03,True,False,12,19.19,25.63,-2.75,19.19
BRIGADE,2023-10-28/2023-11-03,True,False,12,42.54,48.44,-2.78,42.54
GODREJPROP,2023-10-28/2023-11-03,True,False,12,27.92,29.59,-3.54,27.92
GREENLAM,2023-10-28/2023-11-03,True,True,11,-7.99,9.75,-10.52,-9.46
LALPATHLAB,2023-10-28/2023-11-03,True,True,6,-2.77,6.43,-4.09,-7.67
ADORWELD,2023-11-04/2023-11-10,True,True,4,-6.01,5.89,-7.02,-0.29
ALPA,2023-11-04/2023-11-10,True,False,12,19.74,33.33,0.0,19.74
AUROPHARMA,2023-11-04/2023-11-10,True,False,12,9.18,20.47,-1.85,9.18
CSLFINANCE,2023-11-04/2023-11-10,True,False,12,29.31,31.15,-5.09,29.31
DVL,2023-11-04/2023-11-10,True,True,6,-3.29,15.4,-7.26,53.74
ICICIALPLV,2023-11-04/2023-11-10,False,False,6,8.82,10.94,-3.38,
INTENTECH,2023-11-04/2023-11-10,True,True,7,-3.87,21.99,-8.68,44.22
KPIGREEN,2023-11-04/2023-11-10,True,False,12,95.21,95.21,-3.66,95.21
NSIL,2023-11-04/2023-11-10,True,False,12,14.55,29.19,-3.05,14.55
QUESS,2023-11-04/2023-11-10,True,False,12,0.01,9.12,-4.32,0.01
SEAMECLTD,2023-11-04/2023-11-10,True,False,12,38.05,44.2,-1.9,38.05
VIJAYA,2023-11-04/2023-11-10,True,False,12,1.84,9.73,-8.82,1.84
ALBERTDAVD,2023-11-11/2023-11-17,True,False,12,52.15,76.3,-0.1,52.15
HITECHGEAR,2023-11-11/2023-11-17,True,True,12,-11.85,6.42,-12.86,-11.85
ICICIGI,2023-11-11/2023-11-17,True,True,7,-3.5,3.17,-5.01,13.29
IMFA,2023-11-11/2023-11-17,True,False,12,23.15,36.45,-6.42,23.15
5PAISA,2023-11-18/2023-11-24,True,True,2,-2.86,5.78,-4.12,11.37
BAJAJ-AUTO,2023-11-18/2023-11-24,True,False,12,39.45,41.64,-0.97,39.45
LATENTVIEW,2023-11-18/2023-11-24,True,True,4,-2.7,7.21,-8.09,9.12
NECLIFE,2023-11-18/2023-11-24,True,False,12,41.01,44.12,-10.62,41.01
UTTAMSUGAR,2023-11-18/2023-11-24,True,True,2,-21.48,6.71,-23.13,-29.32
ARVSMART,2023-11-25/2023-12-01,True,False,12,38.9,64.26,-4.76,38.9
ASTERDM,2023-11-25/2023-12-01,True,True,2,-4.13,2.02,-5.34,12.67
COLPAL,2023-11-25/2023-12-01,True,False,12,10.76,14.04,-1.58,10.76
DATAMATICS,2023-11-25/2023-12-01,True,True,7,-5.46,5.11,-12.25,-19.37
FSL,2023-11-25/2023-12-01,True,False,12,11.26,22.27,-5.05,11.26
GAIL,2023-11-25/2023-12-01,True,False,12,29.42,35.14,-2.99,29.42
GULFOILLUB,2023-11-25/2023-12-01,True,True,2,-6.19,0.87,-8.29,41.79
HINDCOPPER,2023-11-25/2023-12-01,True,False,12,46.34,70.71,-3.64,46.34
ORIENTHOT,2023-11-25/2023-12-01,True,False,12,17.64,20.5,-2.99,17.64
ABB,2023-12-02/2023-12-08,True,True,3,-2.16,3.75,-5.21,14.9
ACC,2023-12-02/2023-12-08,True,True,2,-1.96,5.7,-4.05,26.4
ADANIPORTS,2023-12-02/2023-12-08,True,False,12,28.76,31.38,-3.66,28.76
ADVENZYMES,2023-12-02/2023-12-08,True,False,12,8.75,20.44,-0.27,8.75
ALEMBICLTD,2023-12-02/2023-12-08,True,False,12,8.07,17.39,-5.56,8.07
ALKEM,2023-12-02/2023-12-08,True,False,12,6.61,15.1,-2.86,6.61
APTUS,2023-12-02/2023-12-08,True,True,3,-0.94,6.26,-2.71,3.52
BAJAJHLDNG,2023-12-02/2023-12-08,True,True,3,-3.88,4.83,-4.56,12.02
BDL,2023-12-02/2023-12-08,True,False,12,38.92,49.8,-0.83,38.92
CONCOR,2023-12-02/2023-12-08,True,True,2,-1.65,3.96,-3.54,15.55
ENIL,2023-12-02/2023-12-08,True,True,2,-7.4,2.43,-13.99,67.44
GSFC,2023-12-02/2023-12-08,True,False,12,-2.03,43.61,-6.86,-2.03
HEIDELBERG,2023-12-02/2023-12-08,True,True,12,-2.11,17.09,-2.73,-2.11
HINDCOPPER,2023-12-02/2023-12-08,True,False,12,46.02,64.66,-4.88,46.02
IBREALEST,2023-12-02/2023-12-08,True,False,12,32.09,41.37,-7.42,32.09
ICICIBANK,2023-12-02/2023-12-08,True,True,2,-1.27,3.63,-1.78,7.92
ICICIBANKN,2023-12-02/2023-12-08,False,False,2,-1.53,1.53,-3.5,
INDIACEM,2023-12-02/2023-12-08,True,True,2,-8.38,0.2,-12.12,-15.78
LTTS,2023-12-02/2023-12-08,True,False,12,6.29,14.17,-2.05,6.29
MADRASFERT,2023-12-02/2023-12-08,True,True,10,-3.01,20.73,-9.66,-5.78
MANGCHEFER,2023-12-02/2023-12-08,True,False,12,2.06,31.29,-7.49,2.06
MANYAVAR,2023-12-02/2023-12-08,True,True,2,-12.37,1.09,-14.19,-29.78
NHPC,2023-12-02/2023-12-08,True,False,12,40.94,81.73,-9.02,40.94
RBLBANK,2023-12-02/2023-12-08,True,True,6,-1.32,11.87,-4.02,-0.74
RCF,2023-12-02/2023-12-08,True,True,10,-2.04,23.56,-12.19,-6.18
SBILIFE,2023-12-02/2023-12-08,True,True,2,-4.84,1.82,-5.82,5.25
SHYAMMETL,2023-12-02/2023-12-08,True,False,12,29.16,41.91,-2.43,29.16
TATAPOWER,2023-12-02/2023-12-08,True,False,12,15.98,26.89,-3.9,15.98
AFFLE,2023-12-09/2023-12-15,True,True,8,-9.55,8.52,-10.06,-11.11
ALKEM,2023-12-09/2023-12-15,True,False,12,5.01,12.67,-4.9,5.01
CENTURYPLY,2023-12-09/2023-12-15,True,True,8,-3.44,11.92,-7.52,-12.06
CHALET,2023-12-09/2023-12-15,True,False,12,12.46,33.1,-6.19,12.46
CSLFINANCE,2023-12-09/2023-12-15,True,False,12,-11.11,5.44,-16.52,-11.11
ENGINERSIN,2023-12-09/2023-12-15,True,False,12,34.78,63.52,-12.0,34.78
EQUITASBNK,2023-12-09/2023-12-15,True,True,12,-10.28,7.87,-10.88,-10.28
FORTIS,2023-12-09/2023-12-15,True,False,12,0.35,18.63,-5.28,0.35
GALLANTT,2023-12-09/2023-12-15,True,False,12,239.1,261.67,-2.52,239.1
GICHSGFIN,2023-12-09/2023-12-15,True,False,12,-1.51,28.11,-10.73,-1.51
GODREJAGRO,2023-12-09/2023-12-15,True,True,8,-6.35,3.59,-7.68,-7.78
HEIDELBERG,2023-12-09/2023-12-15,True,True,9,-6.55,8.88,-7.8,-8.73
JKIL,2023-12-09/2023-12-15,True,False,12,31.85,46.82,-5.44,31.85
JMFINANCIL,2023-12-09/2023-12-15,True,True,12,-13.52,12.93,-24.88,-13.52
KARURVYSYA,2023-12-09/2023-12-15,True,False,12,4.01,19.82,-8.1,4.01
KIRIINDUS,2023-12-09/2023-12-15,True,False,12,3.8,25.9,-6.48,3.8
KITEX,2023-12-09/2023-12-15,True,False,12,-1.31,23.46,-7.77,-1.31
MANGCHEFER,2023-12-09/2023-12-15,True,False,12,-7.6,24.18,-12.49,-7.6
MASTEK,2023-12-09/2023-12-15,True,False,12,2.79,13.77,-5.66,2.79
NATIONALUM,2023-12-09/2023-12-15,True,False,12,47.23,53.77,-7.71,47.23
NAUKRI,2023-12-09/2023-12-15,True,False,12,-2.72,6.0,-7.05,-2.72
ONWARDTEC,2023-12-09/2023-12-15,True,True,2,-9.01,7.75,-11.03,-26.3
SAIL,2023-12-09/2023-12-15,True,False,12,24.06,33.93,-8.79,24.06
SATIA,2023-12-09/2023-12-15,True,True,6,-8.64,5.01,-10.77,-18.5
SCHNEIDER,2023-12-09/2023-12-15,True,False,12,74.85,124.14,-10.51,74.85
SFL,2023-12-09/2023-12-15,True,True,5,-9.35,0.0,-10.86,-21.19
STAR,2023-12-09/2023-12-15,True,False,12,40.39,44.34,-2.56,40.39
TEMBO,2023-12-09/2023-12-15,True,False,12,-3.82,13.36,-12.06,-3.82
TFCILTD,2023-12-09/2023-12-15,True,True,3,-2.14,11.24,-3.35,71.22
VAISHALI,2023-12-09/2023-12-15,True,True,8,-7.91,15.81,-8.96,-17.95
VRLLOG,2023-12-09/2023-12-15,True,True,4,-8.85,2.44,-9.85,-32.42
XPROINDIA,2023-12-09/2023-12-15,True,True,2,-9.61,6.71,-10.54,1.25
ZENSARTECH,2023-12-09/2023-12-15,True,False,12,-1.0,7.88,-13.05,-1.0
ARMANFIN,2023-12-16/2023-12-22,True,True,5,-10.04,1.44,-11.06,-28.54
ARTEMISMED,2023-12-16/2023-12-22,True,True,10,-5.21,6.17,-14.5,-15.18
ASTRAZEN,2023-12-16/2023-12-22,True,True,12,-5.05,35.5,-10.21,-5.05
BEML,2023-12-16/2023-12-22,True,False,12,0.09,48.02,-4.56,0.09
CASTROLIND,2023-12-16/2023-12-22,True,False,12,19.56,33.17,-0.42,19.56
ENDURANCE,2023-12-16/2023-12-22,True,False,12,-1.68,26.16,-6.63,-1.68
GALLANTT,2023-12-16/2023-12-22,True,False,12,134.27,177.63,-1.45,134.27
GESHIP,2023-12-16/2023-12-22,True,True,8,-7.21,2.24,-10.47,-2.37
GULFOILLUB,2023-12-16/2023-12-22,True,False,12,26.38,51.35,-1.2,26.38
HARRMALAYA,2023-12-16/2023-12-22,True,True,3,-11.83,1.07,-15.36,-12.07
HFCL,2023-12-16/2023-12-22,True,False,12,8.88,42.36,-3.02,8.88
HINDCOPPER,2023-12-16/2023-12-22,True,False,12,18.41,34.0,0.0,18.41
JKIL,2023-12-16/2023-12-22,True,False,12,5.72,26.55,-6.35,5.72
JKTYRE,2023-12-16/2023-12-22,True,False,12,14.39,43.88,-3.29,14.39
MASTEK,2023-12-16/2023-12-22,True,True,2,-2.16,2.14,-5.32,-6.13
PPLPHARMA,2023-12-16/2023-12-22,True,True,7,-3.86,5.52,-6.3,-18.2
REPRO,2023-12-16/2023-12-22,True,True,4,-11.08,1.38,-12.54,-23.19
RHIM,2023-12-16/2023-12-22,True,True,4,-7.91,0.49,-8.85,-35.58
RIIL,2023-12-16/2023-12-22,True,True,12,-6.28,21.97,-12.68,-6.28
RSYSTEMS,2023-12-16/2023-12-22,True,True,3,-6.18,2.98,-8.32,-20.54
SALASAR,2023-12-16/2023-12-22,True,True,6,-57.33,103.12,-60.81,-68.8
SANGAMIND,2023-12-16/2023-12-22,True,True,12,-13.9,39.22,-21.79,-13.9
SHYAMMETL,2023-12-16/2023-12-22,True,True,12,-8.38,19.97,-16.88,-8.38
TATACOFFEE,2023-12-16/2023-12-22,False,False,3,16.09,16.72,-0.34,
UNIDT,2023-12-16/2023-12-22,True,True,11,-9.66,7.75,-13.87,-22.06
VOLTAS,2023-12-16/2023-12-22,True,False,12,12.14,19.32,-0.21,12.14
ZYDUSLIFE,2023-12-16/2023-12-22,True,False,12,44.9,49.56,-1.8,44.9
3MINDIA,2023-12-23/2023-12-29,True,True,5,-11.17,1.35,-11.35,-16.95
5PAISA,2023-12-23/2023-12-29,True,True,9,-2.59,32.5,-6.54,-14.77
BBL,2023-12-23/2023-12-29,True,True,2,-3.88,11.98,-5.25,13.3
EVERESTIND,2023-12-23/2023-12-29,True,True,2,-4.92,3.79,-6.08,-20.24
OLECTRA,2023-12-23/2023-12-29,True,False,12,32.37,64.71,-1.6,32.37
SONACOMS,2023-12-23/2023-12-29,True,True,2,-6.29,3.71,-6.71,7.04
TATACOFFEE,2023-12-23/2023-12-29,False,False,2,6.17,6.74,-1.66,
ACE,2023-12-30/2024-01-05,True,False,12,56.13,63.0,-6.43,56.13
ARVSMART,2023-12-30/2024-01-05,True,False,12,45.62,51.91,-4.16,45.62
CENTURYTEX,2023-12-30/2024-01-05,True,True,2,-2.11,11.73,-4.61,13.9
COASTCORP,2023-12-30/2024-01-05,True,True,3,-8.55,8.3,-10.47,-27.23
EIHOTEL,2023-12-30/2024-01-05,True,False,12,61.69,74.73,-2.88,61.69
HERANBA,2023-12-30/2024-01-05,True,True,2,-7.38,1.16,-10.58,-32.13
INDTERRAIN,2023-12-30/2024-01-05,True,False,12,-3.52,16.45,-11.17,-3.52
JSL,2023-12-30/2024-01-05,True,True,2,-4.78,1.73,-8.93,13.49
KCP,2023-12-30/2024-01-05,True,True,10,-7.95,26.52,-16.73,-6.03
LEMONTREE,2023-12-30/2024-01-05,True,False,12,0.81,13.71,-5.68,0.81
OLECTRA,2023-12-30/2024-01-05,True,False,12,28.3,50.95,-0.13,28.3
OMAXAUTO,2023-12-30/2024-01-05,True,False,12,60.43,89.67,-9.42,60.43
PLASTIBLEN,2023-12-30/2024-01-05,True,True,2,-11.58,6.42,-13.61,-31.05
SALZERELEC,2023-12-30/2024-01-05,True,True,3,-5.73,5.35,-6.8,88.74
SBCL,2023-12-30/2024-01-05,True,True,2,-4.79,1.42,-9.29,-14.36
STERTOOLS,2023-12-30/2024-01-05,True,True,2,-5.67,2.17,-9.3,-26.13
SUVEN,2023-12-30/2024-01-05,True,False,12,5.97,38.04,-11.24,5.97
TVTODAY,2023-12-30/2024-01-05,True,True,2,-2.74,9.63,-4.6,-15.27
ABSLAMC,2024-01-06/2024-01-12,True,True,2,-8.38,0.42,-9.03,-5.7
ADSL,2024-01-06/2024-01-12,True,True,4,-9.18,14.41,-10.46,-13.13
AJMERA,2024-01-06/2024-01-12,True,False,12,57.45,65.59,-4.2,57.45
ALBERTDAVD,2024-01-06/2024-01-12,True,False,12,10.12,47.5,-8.21,10.12
ALICON,2024-01-06/2024-01-12,True,True,8,-5.09,10.74,-9.32,-10.07
APEX,2024-01-06/2024-01-12,True,True,5,-16.42,6.11,-23.99,-19.62
AVANTIFEED,2024-01-06/2024-01-12,True,True,2,-8.62,7.84,-9.73,-4.78
BIGBLOC,2024-01-06/2024-01-12,True,True,2,-10.56,0.56,-13.3,17.05
CHOICEIN,2024-01-06/2024-01-12,True,True,6,-46.56,5.29,-47.76,-45.85
DCW,2024-01-06/2024-01-12,True,True,8,-12.19,12.42,-13.74,-8.85
DHANBANK,2024-01-06/2024-01-12,True,False,12,7.4,48.43,-5.66,7.4
ELECON,2024-01-06/2024-01-12,True,True,9,-15.04,9.2,-23.09,-2.17
ENIL,2024-01-06/2024-01-12,True,False,12,17.65,52.39,-5.84,17.65
FIEMIND,2024-01-06/2024-01-12,True,True,7,-53.65,1.57,-54.47,-55.96
FSL,2024-01-06/2024-01-12,True,False,12,-3.94,5.18,-15.29,-3.94
GATEWAY,2024-01-06/2024-01-12,True,True,5,-6.85,4.02,-11.0,-3.42
GPPL,2024-01-06/2024-01-12,True,False,12,30.19,34.7,-8.55,30.19
HERCULES,2024-01-06/2024-01-12,True,False,12,32.05,39.73,-3.94,32.05
HTMEDIA,2024-01-06/2024-01-12,True,True,8,-12.56,13.02,-16.69,-13.63
HUHTAMAKI,2024-01-06/2024-01-12,True,True,9,-5.92,11.41,-13.35,-2.21
INDNIPPON,2024-01-06/2024-01-12,True,False,12,18.8,31.97,-10.72,18.8
JMA,2024-01-06/2024-01-12,True,False,12,6.07,36.6,-17.38,6.07
JSWENERGY,2024-01-06/2024-01-12,True,False,12,24.05,25.06,-6.48,24.05
KIRLOSIND,2024-01-06/2024-01-12,True,False,12,12.89,15.03,-2.97,12.89
KSL,2024-01-06/2024-01-12,True,False,12,55.63,78.88,-6.19,55.63
KTKBANK,2024-01-06/2024-01-12,True,True,2,-10.38,3.6,-15.27,-13.32
MANAKSTEEL,2024-01-06/2024-01-12,True,True,8,-11.88,79.83,-14.67,-4.62
MUNJALSHOW,2024-01-06/2024-01-12,True,True,9,-7.09,26.21,-14.83,2.29
NAZARA,2024-01-06/2024-01-12,True,True,3,-10.05,3.28,-11.05,-30.08
NCC,2024-01-06/2024-01-12,True,False,12,38.15,40.86,-5.78,38.15
OCCL,2024-01-06/2024-01-12,True,True,3,-16.37,0.59,-17.05,-22.32
POWERMECH,2024-01-06/2024-01-12,True,False,12,8.88,16.15,-7.81,8.88
SARLAPOLY,2024-01-06/2024-01-12,True,True,9,-13.75,17.0,-20.08,-7.75
SHK,2024-01-06/2024-01-12,True,True,3,-10.03,1.67,-13.1,14.04
TV18BRDCST,2024-01-06/2024-01-12,True,True,4,-28.8,5.53,-29.8,-32.9
VISAKAIND,2024-01-06/2024-01-12,True,False,12,13.23,66.93,-7.6,13.23
APOLLOPIPE,2024-01-13/2024-01-19,True,True,2,-9.05,0.4,-9.93,-11.9
ASTERDM,2024-01-13/2024-01-19,True,True,10,-6.34,13.48,-7.96,11.72
BANKINDIA,2024-01-13/2024-01-19,True,False,12,3.38,12.49,-10.4,3.38
FDC,2024-01-13/2024-01-19,True,False,12,2.49,10.93,-8.56,2.49
FILATEX,2024-01-13/2024-01-19,True,True,8,-12.09,26.62,-19.32,-3.25
GOACARBON,2024-01-13/2024-01-19,True,False,12,25.49,37.95,-9.77,25.49
INTELLECT,2024-01-13/2024-01-19,True,False,12,5.28,26.68,-8.5,5.28
JASH,2024-01-13/2024-01-19,True,True,3,-7.51,3.78,-10.66,-7.52
JKPAPER,2024-01-13/2024-01-19,True,True,3,-10.67,3.02,-11.57,-17.33
JMA,2024-01-13/2024-01-19,True,False,12,-0.27,35.42,-18.09,-0.27
JMFINANCIL,2024-01-13/2024-01-19,True,True,3,-6.49,3.47,-9.14,-25.59
LIBERTSHOE,2024-01-13/2024-01-19,True,True,3,-10.18,12.34,-14.11,3.53
MASFIN,2024-01-13/2024-01-19,True,True,5,-68.45,0.95,-68.57,-71.65
NRAIL,2024-01-13/2024-01-19,True,True,3,-11.0,3.86,-11.97,-6.48
PDMJEPAPER,2024-01-13/2024-01-19,True,False,12,13.38,37.93,-11.49,13.38
PNBHOUSING,2024-01-13/2024-01-19,True,True,2,-10.42,2.2,-15.22,-14.67
SHALPAINTS,2024-01-13/2024-01-19,True,True,2,-11.01,1.65,-11.81,-22.52
SHEMAROO,2024-01-13/2024-01-19,True,True,3,-9.54,24.8,-13.0,-19.11
SOUTHBANK,2024-01-13/2024-01-19,True,True,7,-4.64,28.48,-5.28,-9.28
STARPAPER,2024-01-13/2024-01-19,True,True,8,-13.0,10.92,-17.2,-6.86
TNPL,2024-01-13/2024-01-19,True,True,3,-12.87,5.33,-14.99,-14.99
VAIBHAVGBL,2024-01-13/2024-01-19,True,True,3,-10.9,5.33,-12.7,-28.38
ALLSEC,2024-01-20/2024-01-26,True,True,2,-12.58,0.74,-13.29,-11.39
ELGIEQUIP,2024-01-20/2024-01-26,True,False,12,6.77,22.29,-1.28,6.77
EMMBI,2024-01-20/2024-01-26,True,True,2,-15.33,1.31,-17.85,-23.25
IDBI,2024-01-20/2024-01-26,True,True,8,-3.5,17.08,-10.44,-0.36
JKCEMENT,2024-01-20/2024-01-26,True,True,7,-4.79,6.55,-6.2,-2.89
JOCIL,2024-01-20/2024-01-26,True,True,2,-16.06,1.56,-17.73,-29.66
MANGCHEFER,2024-01-20/2024-01-26,True,True,2,-16.26,1.13,-23.29,-26.37
MIDHANI,2024-01-20/2024-01-26,True,True,2,-9.11,8.2,-11.5,-18.72
OSWALAGRO,2024-01-20/2024-01-26,True,True,7,-12.27,32.88,-21.73,-3.72
PRECWIRE,2024-01-20/2024-01-26,True,True,2,-6.14,4.36,-9.13,-16.85
RITES,2024-01-20/2024-01-26,True,True,7,-9.17,20.58,-18.22,-5.79
SCI,2024-01-20/2024-01-26,True,True,7,-6.22,37.47,-10.38,-1.02
SHAREINDIA,2024-01-20/2024-01-26,True,True,6,-8.81,5.65,-11.91,-12.49
SOUTHBANK,2024-01-20/2024-01-26,True,True,5,-5.0,18.09,-10.0,-19.41
SWELECTES,2024-01-20/2024-01-26,True,False,12,63.67,63.67,-8.77,63.67
APARINDS,2024-01-27/2024-02-02,True,False,12,20.65,25.86,-12.65,20.65
BLUESTARCO,2024-01-27/2024-02-02,True,False,12,21.79,24.68,-4.59,21.79
BOSCHLTD,2024-01-27/2024-02-02,True,False,12,19.43,29.86,-1.77,19.43
CORDSCABLE,2024-01-27/2024-02-02,True,False,12,19.61,72.67,-0.62,19.61
DCW,2024-01-27/2024-02-02,True,True,2,-14.15,6.16,-17.52,-16.94
DRREDDY,2024-01-27/2024-02-02,True,True,11,-1.59,7.73,-2.62,3.53
ELGIEQUIP,2024-01-27/2024-02-02,True,False,12,7.23,17.74,-4.95,7.23
GODFRYPHLP,2024-01-27/2024-02-02,True,False,12,30.16,44.84,-10.21,30.16
GULFOILLUB,2024-01-27/2024-02-02,True,False,12,15.45,25.28,-9.17,15.45
INDIANB,2024-01-27/2024-02-02,True,True,2,-5.86,4.32,-12.16,-4.26
INDORAMA,2024-01-27/2024-02-02,True,True,2,-16.06,4.37,-21.14,-27.58
KITEX,2024-01-27/2024-02-02,True,True,4,-12.49,3.51,-14.34,-26.33
MAHABANK,2024-01-27/2024-02-02,True,False,12,17.04,20.16,-8.65,17.04
NAVA,2024-01-27/2024-02-02,True,True,7,-7.18,4.05,-15.94,-3.28
NCLIND,2024-01-27/2024-02-02,True,True,4,-9.11,4.53,-10.38,-16.58
NH,2024-01-27/2024-02-02,True,True,4,-3.61,7.44,-4.04,-5.15
PRICOLLTD,2024-01-27/2024-02-02,True,True,5,-14.57,6.08,-15.1,2.78
PSB,2024-01-27/2024-02-02,True,True,6,-12.91,15.67,-20.6,-7.46
RATEGAIN,2024-01-27/2024-02-02,True,True,3,-4.85,8.44,-10.38,-16.03
SHAREINDIA,2024-01-27/2024-02-02,True,True,5,-9.14,5.27,-12.23,-12.28
SPLPETRO,2024-01-27/2024-02-02,True,True,6,-5.46,22.54,-8.46,8.22
STARPAPER,2024-01-27/2024-02-02,True,True,3,-11.7,0.0,-16.65,-13.93
TIDEWATER,2024-01-27/2024-02-02,True,True,4,-9.97,1.42,-25.18,-1.77
UCOBANK,2024-01-27/2024-02-02,True,False,12,11.0,37.59,-7.89,11.0
VARROC,2024-01-27/2024-02-02,True,True,2,-13.12,4.46,-18.89,-15.01
WELENT,2024-01-27/2024-02-02,True,True,3,-11.94,3.55,-15.0,-6.78
ACE,2024-02-03/2024-02-09,True,False,12,32.37,52.2,-6.23,32.37
INGERRAND,2024-02-03/2024-02-09,True,False,12,17.52,19.51,-7.6,17.52
INTLCONV,2024-02-03/2024-02-09,True,True,4,-19.52,2.3,-21.16,-13.47
LUPIN,2024-02-03/2024-02-09,True,True,10,-3.34,6.45,-3.75,3.36
SANGHVIMOV,2024-02-03/2024-02-09,True,False,12,25.85,39.41,-8.06,25.85
SUPRIYA,2024-02-03/2024-02-09,True,False,12,18.69,22.58,-11.68,18.69
TRITURBINE,2024-02-03/2024-02-09,True,False,12,23.16,27.55,-10.21,23.16
ZYDUSLIFE,2024-02-03/2024-02-09,True,False,12,23.17,27.41,-0.83,23.17
BOSCHLTD,2024-02-10/2024-02-16,True,False,12,7.15,10.56,-1.68,7.15
MPHASIS,2024-02-10/2024-02-16,True,True,2,-7.19,0.62,-8.46,-20.88
SASKEN,2024-02-10/2024-02-16,True,True,3,-5.77,5.71,-6.63,-10.44
SHANKARA,2024-02-10/2024-02-16,True,True,2,-7.95,1.0,-10.78,-19.32
ACI,2024-02-17/2024-02-23,True,True,2,-12.91,6.04,-14.04,-21.38
BHAGERIA,2024-02-17/2024-02-23,True,True,2,-6.98,3.98,-10.96,-13.27
CAMS,2024-02-17/2024-02-23,True,True,2,-7.88,2.92,-8.5,5.2
DSSL,2024-02-17/2024-02-23,True,True,3,-11.42,4.63,-21.89,38.77
HARRMALAYA,2024-02-17/2024-02-23,True,True,2,-13.52,2.36,-15.12,-8.0
ICIL,2024-02-17/2024-02-23,True,True,2,-2.9,11.37,-11.77,19.63
INDIANHUME,2024-02-17/2024-02-23,True,True,2,-10.71,4.49,-11.83,3.3
JAGRAN,2024-02-17/2024-02-23,True,True,2,-13.58,1.97,-16.02,-26.69
RGL,2024-02-17/2024-02-23,True,True,2,-9.96,3.2,-12.94,-23.44
SUNDARMFIN,2024-02-17/2024-02-23,True,True,3,-10.12,1.77,-11.18,12.86
TARMAT,2024-02-17/2024-02-23,True,True,2,-33.73,7.14,-47.75,-47.45
THERMAX,2024-02-17/2024-02-23,True,True,3,-7.21,3.73,-8.61,31.6
ZOTA,2024-02-17/2024-02-23,True,True,2,-8.84,0.29,-10.01,-13.92
ABSLAMC,2024-02-24/2024-03-01,True,True,2,-7.92,2.05,-10.28,1.2
HAVELLS,2024-02-24/2024-03-01,True,True,2,-6.66,0.0,-8.18,19.01
INDUSTOWER,2024-02-24/2024-03-01,True,False,12,30.56,38.03,-14.42,30.56
KEC,2024-02-24/2024-03-01,True,True,2,-8.1,6.24,-8.66,7.74
PITTIENG,2024-02-24/2024-03-01,True,True,2,-9.76,2.04,-17.12,9.75
VGUARD,2024-02-24/2024-03-01,True,True,2,-7.68,1.6,-12.51,6.32
KAYNES,2024-03-02/2024-03-08,True,True,5,-19.66,0.13,-21.41,8.79
KIRLOSBROS,2024-03-02/2024-03-08,True,False,12,56.29,75.05,-13.27,56.29
PIDILITIND,2024-03-02/2024-03-08,True,False,12,3.29,8.45,-3.54,3.29
TCPLPACK,2024-03-02/2024-03-08,True,True,2,-11.9,0.0,-13.15,-13.89
CIGNITITEC,2024-03-09/2024-03-15,True,False,12,7.96,10.72,-5.44,7.96
TCS,2024-03-09/2024-03-15,True,True,5,-9.23,0.94,-9.83,-7.62
ANUP,2024-03-16/2024-03-22,True,True,5,-43.82,14.63,-45.8,-43.85
CGPOWER,2024-03-16/2024-03-22,True,True,2,-2.57,5.38,-4.25,30.45
DPABHUSHAN,2024-03-16/2024-03-22,True,False,12,50.05,75.19,-1.83,50.05
BSE,2024-03-30/2024-04-05,True,True,5,-8.24,13.05,-9.55,-10.57
JSWENERGY,2024-03-30/2024-04-05,True,True,5,-5.27,7.97,-13.59,22.01
JUBLPHARMA,2024-03-30/2024-04-05,True,False,12,14.18,19.62,-6.23,14.18
BHARTIARTL,2024-04-13/2024-04-19,True,True,2,-2.04,3.83,-3.52,9.91
ELECON,2024-04-13/2024-04-19,True,True,2,-11.14,0.81,-12.15,4.26
VSSL,2024-04-13/2024-04-19,True,False,12,20.84,36.71,-4.83,20.84
WABAG,2024-04-13/2024-04-19,True,True,3,-5.38,12.58,-6.65,40.06
CHAMBLFERT,2024-04-20/2024-04-26,True,True,2,-7.71,3.0,-10.23,15.13
CONCOR,2024-04-20/2024-04-26,True,True,2,-7.5,0.08,-9.69,-6.65
KIRLOSIND,2024-04-20/2024-04-26,True,False,12,7.3,25.92,-6.39,7.3
MMFL,2024-04-20/2024-04-26,True,True,12,-46.12,21.02,-46.7,-46.12
MOIL,2024-04-20/2024-04-26,True,False,12,15.63,39.22,-6.27,15.63
SUDARSCHEM,2024-04-20/2024-04-26,True,False,12,22.95,32.61,-6.46,22.95
TDPOWERSYS,2024-04-20/2024-04-26,True,True,2,-17.21,1.63,-18.99,8.26
UBL,2024-04-20/2024-04-26,True,True,2,-6.7,0.82,-7.59,-0.79
LEMONTREE,2024-04-27/2024-05-03,True,True,4,-11.89,2.1,-12.44,-5.36
PFC,2024-04-27/2024-05-03,True,False,12,18.06,27.05,-13.43,18.06
RANEHOLDIN,2024-04-27/2024-05-03,True,True,4,-15.24,5.88,-15.98,20.0
RECLTD,2024-04-27/2024-05-03,True,False,12,17.87,23.16,-23.11,17.87
ARVIND,2024-05-04/2024-05-10,True,False,12,3.11,12.16,-9.22,3.11
CGPOWER,2024-05-04/2024-05-10,True,False,12,26.15,35.13,-5.34,26.15
GODREJCP,2024-05-04/2024-05-10,True,True,3,-4.07,1.91,-4.91,10.19
PRESTIGE,2024-05-04/2024-05-10,True,False,12,14.58,40.19,-6.35,14.58
VGUARD,2024-05-04/2024-05-10,True,False,12,29.78,48.77,-2.71,29.78
VIJAYA,2024-05-04/2024-05-10,True,True,7,-5.66,10.86,-8.04,-0.95
AARTIPHARM,2024-05-11/2024-05-17,True,True,2,-9.37,3.01,-11.22,-4.05
BEL,2024-05-11/2024-05-17,True,False,12,6.78,20.32,-18.73,6.78
DYCL,2024-05-11/2024-05-17,True,True,2,-6.56,3.41,-8.45,-5.58
HAL,2024-05-11/2024-05-17,True,True,11,-1.14,19.47,-17.47,-0.55
ADANIENT,2024-05-18/2024-05-24,True,True,6,-6.26,11.49,-18.58,-7.42
LUMAXIND,2024-05-18/2024-05-24,True,False,12,-7.55,4.25,-20.75,-7.55
METROPOLIS,2024-05-18/2024-05-24,True,False,12,5.07,9.04,-8.82,5.07
PARAS,2024-05-18/2024-05-24,True,False,12,21.31,82.02,-14.29,21.31
PRIMESECU,2024-05-18/2024-05-24,True,False,12,19.9,32.69,-19.66,19.9
SOLARINDS,2024-05-18/2024-05-24,True,False,12,4.23,32.03,-21.68,4.23
UNOMINDA,2024-05-18/2024-05-24,True,False,12,35.42,41.37,-5.5,35.42
COROMANDEL,2024-05-25/2024-05-31,True,False,12,31.47,34.51,-6.35,31.47
GLENMARK,2024-05-25/2024-05-31,True,False,12,43.55,44.21,-11.73,43.55
HERITGFOOD,2024-05-25/2024-05-31,True,False,12,25.94,67.21,-6.9,25.94
JKIL,2024-05-25/2024-05-31,True,False,12,10.58,21.55,-18.26,10.58
JSL,2024-05-25/2024-05-31,True,True,9,-11.01,3.41,-13.77,-10.88
MOTHERSON,2024-05-25/2024-05-31,True,False,12,23.81,30.8,-15.78,23.81
SAKUMA,2024-05-25/2024-05-31,True,True,10,-79.06,5.9,-80.51,-78.6
ABSLAMC,2024-06-01/2024-06-07,True,False,12,25.38,29.89,-1.45,25.38
ASHOKA,2024-06-01/2024-06-07,True,False,12,9.11,27.06,-2.32,9.11
AVANTIFEED,2024-06-01/2024-06-07,True,False,12,8.92,27.34,-6.21,8.92
BECTORFOOD,2024-06-01/2024-06-07,True,True,3,-7.99,4.79,-8.87,7.64
BHARTIARTL,2024-06-01/2024-06-07,True,False,12,11.82,13.18,-3.39,11.82
BIOCON,2024-06-01/2024-06-07,True,False,12,6.24,11.48,-5.21,6.24
COROMANDEL,2024-06-01/2024-06-07,True,False,12,25.14,27.33,-1.28,25.14
EIDPARRY,2024-06-01/2024-06-07,True,False,12,16.83,23.26,-1.25,16.83
ENDURANCE,2024-06-01/2024-06-07,True,False,12,1.4,25.47,-1.0,1.4
ERIS,2024-06-01/2024-06-07,True,False,12,36.77,37.83,-2.75,36.77
GILLETTE,2024-06-01/2024-06-07,True,True,3,-3.65,6.38,-3.94,18.17
GODREJCP,2024-06-01/2024-06-07,True,True,2,-5.12,1.24,-5.38,3.58
GREENPLY,2024-06-01/2024-06-07,True,False,12,32.81,42.52,-4.17,32.81
KCP,2024-06-01/2024-06-07,True,True,9,-13.1,9.24,-17.12,-9.28
MPSLTD,2024-06-01/2024-06-07,True,True,3,-1.68,6.22,-3.82,19.9
NAVA,2024-06-01/2024-06-07,True,False,12,61.71,73.01,-1.13,61.71
SUNTECK,2024-06-01/2024-06-07,True,False,12,9.96,34.99,-1.91,9.96
SUNTV,2024-06-01/2024-06-07,True,False,12,13.91,27.64,-1.04,13.91
ASHIANA,2024-06-08/2024-06-14,True,True,3,-7.25,6.16,-7.58,-26.6
CHEMPLASTS,2024-06-08/2024-06-14,True,True,2,-14.44,0.02,-15.38,-19.74
DONEAR,2024-06-08/2024-06-14,True,True,4,-6.89,11.6,-7.4,16.82
EIHAHOTELS,2024-06-08/2024-06-14,True,True,5,-3.4,7.88,-5.02,-55.42
GUJGASLTD,2024-06-08/2024-06-14,True,True,10,-6.02,8.74,-8.16,5.53
HFCL,2024-06-08/2024-06-14,True,True,2,-8.73,5.24,-13.31,23.3
JAYAGROGN,2024-06-08/2024-06-14,True,True,5,-0.99,13.49,-3.2,-0.7
JTEKTINDIA,2024-06-08/2024-06-14,True,True,8,-8.06,15.04,-9.73,-15.39
MAHEPC,2024-06-08/2024-06-14,True,True,2,-25.93,1.11,-27.21,-28.49
MAWANASUG,2024-06-08/2024-06-14,True,True,2,-0.14,13.23,-2.14,-1.04
NATCOPHARM,2024-06-08/2024-06-14,True,True,2,-6.49,0.93,-8.25,25.0
OFSS,2024-06-08/2024-06-14,True,False,12,13.59,21.2,-1.06,13.59
SHARDAMOTR,2024-06-08/2024-06-14,True,False,12,45.4,64.37,-1.67,45.4
SWARAJENG,2024-06-08/2024-06-14,True,False,12,17.39,23.0,-2.32,17.39
USHAMART,2024-06-08/2024-06-14,True,True,5,-8.7,5.68,-9.47,-13.3
VARROC,2024-06-08/2024-06-14,True,True,2,-5.87,2.35,-7.43,-18.24
ASAHIINDIA,2024-06-15/2024-06-21,True,True,3,-3.93,6.18,-5.07,0.71
BEPL,2024-06-15/2024-06-21,True,False,12,20.08,31.69,-12.13,20.08
DBL,2024-06-15/2024-06-21,True,True,4,-3.5,6.37,-3.99,7.17
GREENPLY,2024-06-15/2024-06-21,True,False,12,28.63,35.27,-2.81,28.63
HUHTAMAKI,2024-06-15/2024-06-21,True,False,12,1.68,18.89,-5.76,1.68
INSECTICID,2024-06-15/2024-06-21,True,False,12,32.96,51.3,-6.17,32.96
KALYANKJIL,2024-06-15/2024-06-21,True,False,12,58.24,65.52,-3.87,58.24
KRISHANA,2024-06-15/2024-06-21,True,True,3,-7.76,2.38,-7.86,-18.01
MHRIL,2024-06-15/2024-06-21,True,True,2,-5.8,5.2,-6.02,-11.74
MINDACORP,2024-06-15/2024-06-21,True,False,12,15.09,38.02,-2.6,15.09
PRICOLLTD,2024-06-15/2024-06-21,True,False,12,-2.53,9.26,-7.14,-2.53
PUNJABCHEM,2024-06-15/2024-06-21,True,True,6,-8.92,11.07,-10.54,-14.59
SPAL,2024-06-15/2024-06-21,True,False,12,45.52,63.99,0.0,45.52
UDAICEMENT,2024-06-15/2024-06-21,True,True,4,-4.4,13.02,-6.98,-21.65
360ONE,2024-06-22/2024-06-28,True,False,12,9.47,22.11,-7.52,9.47
BFINVEST,2024-06-22/2024-06-28,True,True,2,-4.58,5.55,-6.47,-14.58
CDSL,2024-06-22/2024-06-28,True,True,3,-5.57,4.9,-6.61,-36.42
GRWRHITECH,2024-06-22/2024-06-28,True,True,2,-5.12,10.56,-5.76,36.07
GULFOILLUB,2024-06-22/2024-06-28,True,True,2,-2.17,8.79,-6.46,15.74
JINDALPHOT,2024-06-22/2024-06-28,True,True,2,-5.02,9.8,-5.39,-8.22
JPOLYINVST,2024-06-22/2024-06-28,True,True,2,-6.55,5.39,-7.87,-9.09
KICL,2024-06-22/2024-06-28,True,True,4,-4.03,5.63,-13.98,-4.22
LGBBROSLTD,2024-06-22/2024-06-28,True,True,3,-1.51,6.0,-4.18,-5.72
LUMAXTECH,2024-06-22/2024-06-28,True,True,2,-2.38,4.7,-3.87,-2.78
NSIL,2024-06-22/2024-06-28,True,True,3,-4.59,7.35,-4.99,1.86
PILANIINVS,2024-06-22/2024-06-28,True,True,3,-7.54,0.0,-11.18,-0.08
SPAL,2024-06-22/2024-06-28,True,False,12,28.73,54.83,0.0,28.73
TIDEWATER,2024-06-22/2024-06-28,True,True,3,-2.8,6.33,-3.18,2.65
ZUARIIND,2024-06-22/2024-06-28,True,True,3,-7.45,7.5,-8.85,-8.12
AWHCL,2024-06-29/2024-07-05,True,False,12,22.28,53.14,-5.37,22.28
AYMSYNTEX,2024-06-29/2024-07-05,True,False,12,82.13,132.93,-6.19,82.13
DCMNVL,2024-06-29/2024-07-05,True,True,3,-22.34,0.0,-31.25,-22.5
FDC,2024-06-29/2024-07-05,True,True,6,-7.33,5.23,-10.9,4.1
INDOBORAX,2024-06-29/2024-07-05,True,True,5,-9.24,5.31,-14.58,5.56
MARKSANS,2024-06-29/2024-07-05,True,False,12,60.8,73.03,-7.32,60.8
ONEPOINT,2024-06-29/2024-07-05,True,True,6,-14.15,0.13,-18.89,-6.5
RANEHOLDIN,2024-06-29/2024-07-05,True,True,4,-7.6,3.8,-13.82,14.31
SGIL,2024-06-29/2024-07-05,True,True,2,-21.34,0.14,-22.28,-2.67
SILINV,2024-06-29/2024-07-05,True,True,2,-8.23,2.09,-10.13,-1.41
SPAL,2024-06-29/2024-07-05,True,False,12,18.93,35.02,-6.99,18.93
SUNFLAG,2024-06-29/2024-07-05,True,True,2,-6.56,3.69,-8.55,-8.48
ARTEMISMED,2024-07-06/2024-07-12,True,False,12,23.24,40.22,-7.96,23.24
GICHSGFIN,2024-07-06/2024-07-12,True,True,3,-7.88,0.09,-14.91,-15.9
GLAND,2024-07-06/2024-07-12,True,True,5,-4.71,8.81,-6.45,-14.31
HINDOILEXP,2024-07-06/2024-07-12,True,False,12,1.2,25.15,-6.02,1.2
INDIAGLYCO,2024-07-06/2024-07-12,True,False,12,34.14,42.81,-2.37,34.14
JUBLINGREA,2024-07-06/2024-07-12,True,False,12,31.09,38.12,-13.37,31.09
KELLTONTEC,2024-07-06/2024-07-12,True,True,8,-7.17,15.55,-12.92,-12.73
KPITTECH,2024-07-06/2024-07-12,True,True,2,-4.96,1.42,-9.39,-10.15
MANAPPURAM,2024-07-06/2024-07-12,True,True,2,-5.34,2.4,-10.89,-15.87
MAZDA,2024-07-06/2024-07-12,True,True,4,-17.71,0.68,-19.47,-18.45
NDRAUTO,2024-07-06/2024-07-12,True,True,11,-10.39,93.66,-14.63,-21.59
NLCINDIA,2024-07-06/2024-07-12,True,True,4,-5.34,11.36,-13.74,-1.3
ONGC,2024-07-06/2024-07-12,True,True,9,-6.53,10.65,-9.16,-5.31
PCJEWELLER,2024-07-06/2024-07-12,True,False,12,123.52,163.48,-6.85,123.52
POWERMECH,2024-07-06/2024-07-12,True,True,4,-4.15,11.11,-8.04,6.71
SBCL,2024-07-06/2024-07-12,True,True,4,-17.19,4.84,-18.77,-5.41
SCI,2024-07-06/2024-07-12,True,True,2,-20.03,1.18,-20.28,-29.77
SONACOMS,2024-07-06/2024-07-12,True,True,4,-7.22,4.5,-11.48,-4.76
SPORTKING,2024-07-06/2024-07-12,True,True,9,-84.4,68.92,-84.49,-88.12
SUNTV,2024-07-06/2024-07-12,True,True,6,-4.54,14.28,-5.25,0.74
TBZ,2024-07-06/2024-07-12,True,False,12,75.79,141.37,-11.92,75.79
TIPSINDLTD,2024-07-06/2024-07-12,False,False,11,23.28,41.43,-4.5,
WELCORP,2024-07-06/2024-07-12,True,False,12,9.58,20.91,-8.63,9.58
JUSTDIAL,2024-07-13/2024-07-19,True,True,10,-7.16,10.31,-9.29,4.32
LICI,2024-07-13/2024-07-19,True,True,7,-5.55,11.09,-8.75,-13.74
MPHASIS,2024-07-13/2024-07-19,True,True,2,-3.23,7.43,-3.45,0.29
POWERMECH,2024-07-13/2024-07-19,True,True,3,-7.09,7.71,-10.85,-48.5
QUICKHEAL,2024-07-13/2024-07-19,True,False,12,31.36,33.52,-13.89,31.36
VSTIND,2024-07-13/2024-07-19,True,True,7,-89.48,7.51,-89.95,-91.69
ARVSMART,2024-07-20/2024-07-26,True,True,2,-10.52,1.08,-12.57,3.27
CHEMFAB,2024-07-20/2024-07-26,True,False,12,27.52,40.24,-5.85,27.52
CSLFINANCE,2024-07-20/2024-07-26,True,True,2,-17.79,0.57,-20.97,-24.49
EKC,2024-07-20/2024-07-26,True,True,2,-4.52,10.33,-5.43,20.17
ETHOSLTD,2024-07-20/2024-07-26,True,True,4,-8.92,5.23,-12.44,-6.44
ICICIPRULI,2024-07-20/2024-07-26,True,False,12,2.82,9.92,-3.8,2.82
IDBI,2024-07-20/2024-07-26,True,True,3,-10.19,2.76,-13.24,-20.61
INDIAMART,2024-07-20/2024-07-26,True,True,3,-10.29,4.39,-14.29,-1.66
ITC,2024-07-20/2024-07-26,True,False,12,-3.72,4.55,-5.36,-3.72
JYOTHYLAB,2024-07-20/2024-07-26,True,True,12,-7.73,7.36,-9.98,-7.73
KARURVYSYA,2024-07-20/2024-07-26,True,True,2,-4.39,3.54,-8.56,-1.27
LICI,2024-07-20/2024-07-26,True,True,2,-5.12,2.29,-9.92,-21.74
MARKSANS,2024-07-20/2024-07-26,True,True,2,-3.93,6.64,-7.72,38.82
MMP,2024-07-20/2024-07-26,True,True,12,-6.76,36.28,-9.23,-6.76
NAHARINDUS,2024-07-20/2024-07-26,True,True,3,-3.78,10.83,-10.38,-8.96
NITINSPIN,2024-07-20/2024-07-26,True,True,8,-7.12,9.73,-11.29,-5.93
NTPC,2024-07-20/2024-07-26,True,False,12,5.19,11.0,-4.63,5.19
ORCHPHARMA,2024-07-20/2024-07-26,True,True,10,-11.44,9.66,-21.07,-7.06
PETRONET,2024-07-20/2024-07-26,True,True,6,-4.57,3.57,-5.51,-5.8
POWERMECH,2024-07-20/2024-07-26,True,True,2,-11.34,2.45,-14.93,-49.74
PSB,2024-07-20/2024-07-26,True,True,2,-13.65,5.05,-15.98,-24.41
QUESS,2024-07-20/2024-07-26,True,False,12,4.72,21.53,-9.61,4.72
SNOWMAN,2024-07-20/2024-07-26,True,True,3,-13.54,1.54,-16.06,-12.29
SRHHYPOLTD,2024-07-20/2024-07-26,True,True,2,-10.61,1.63,-15.32,24.25
SUKHJITS,2024-07-20/2024-07-26,True,True,3,-7.9,3.15,-10.37,11.76
TATAMTRDVR,2024-07-20/2024-07-26,True,True,2,-4.73,4.71,-9.45,
THYROCARE,2024-07-20/2024-07-26,True,False,12,12.34,18.64,-5.1,12.34
VINDHYATEL,2024-07-20/2024-07-26,True,True,2,-9.79,6.76,-14.6,-30.0
AJANTPHARM,2024-07-27/2024-08-02,True,False,12,6.97,25.54,-2.13,6.97
AKSHARCHEM,2024-07-27/2024-08-02,True,True,12,-23.06,1.01,-25.22,-23.06
BALRAMCHIN,2024-07-27/2024-08-02,True,False,12,27.04,44.73,-2.3,27.04
COLPAL,2024-07-27/2024-08-02,True,True,12,-6.66,17.81,-7.45,-6.66
DCW,2024-07-27/2024-08-02,True,False,12,36.47,70.82,-3.5,36.47
DIVISLAB,2024-07-27/2024-08-02,True,True,2,-6.07,1.85,-6.29,17.17
DVL,2024-07-27/2024-08-02,True,False,12,-2.42,29.45,-6.72,-2.42
GLOBUSSPR,2024-07-27/2024-08-02,True,True,2,-10.8,0.46,-12.12,3.67
HIRECT,2024-07-27/2024-08-02,True,False,12,18.89,39.76,-10.55,18.89
IGARASHI,2024-07-27/2024-08-02,True,False,12,15.51,36.79,-4.33,15.51
KFINTECH,2024-07-27/2024-08-02,True,False,12,12.15,41.4,-3.6,12.15
KHADIM,2024-07-27/2024-08-02,True,True,2,-14.17,1.78,-16.38,-10.12
KHAICHEM,2024-07-27/2024-08-02,True,True,9,-13.6,9.74,-15.33,-26.55
LAMBODHARA,2024-07-27/2024-08-02,True,True,2,-6.92,16.33,-12.19,-29.1
MINDACORP,2024-07-27/2024-08-02,True,True,12,-6.57,27.1,-8.57,-6.57
MONARCH,2024-07-27/2024-08-02,True,True,6,-36.93,35.16,-38.69,-44.99
MUNJALAU,2024-07-27/2024-08-02,True,False,12,19.5,42.84,-5.67,19.5
MUNJALSHOW,2024-07-27/2024-08-02,True,True,12,-15.44,11.4,-16.44,-15.44
NTPC,2024-07-27/2024-08-02,True,True,2,-2.35,4.24,-3.52,-2.15
NYKAA,2024-07-27/2024-08-02,True,True,12,-9.24,17.78,-11.72,-9.24
PFIZER,2024-07-27/2024-08-02,True,True,7,-2.56,15.2,-3.61,-5.3
RADHIKAJWE,2024-07-27/2024-08-02,True,False,12,39.36,109.81,-11.45,39.36
ROSSARI,2024-07-27/2024-08-02,True,True,10,-5.03,8.08,-8.77,-15.06
RPOWER,2024-07-27/2024-08-02,True,False,12,16.36,60.12,-12.81,16.36
RPSGVENT,2024-07-27/2024-08-02,True,False,12,22.87,66.05,-9.85,22.87
SHIVAMAUTO,2024-07-27/2024-08-02,True,True,3,-29.11,22.21,-35.81,-21.15
STAR,2024-07-27/2024-08-02,True,False,12,42.45,58.14,-3.18,42.45
TCPLPACK,2024-07-27/2024-08-02,True,False,12,1.63,19.59,-4.73,1.63
TORNTPOWER,2024-07-27/2024-08-02,True,True,2,-6.73,2.21,-7.51,6.29
VENUSREM,2024-07-27/2024-08-02,True,True,2,-19.8,0.0,-20.89,-22.18
ZOTA,2024-07-27/2024-08-02,True,True,8,-8.26,7.46,-9.59,-13.41
ALKEM,2024-08-03/2024-08-09,True,False,12,-0.76,10.08,-3.84,-0.76
CAPACITE,2024-08-03/2024-08-09,True,False,12,10.56,21.01,-3.92,10.56
CERA,2024-08-03/2024-08-09,True,True,2,-7.23,1.9,-8.47,-30.84
IMAGICAA,2024-08-03/2024-08-09,True,True,6,-10.05,8.8,-17.24,-17.81
TRITURBINE,2024-08-03/2024-08-09,True,True,8,-3.23,21.65,-3.67,1.66
VENKEYS,2024-08-03/2024-08-09,True,True,7,-15.17,9.87,-15.51,-20.88
AUROPHARMA,2024-08-10/2024-08-16,True,True,7,-2.4,5.98,-6.33,-11.62
ISEC,2024-08-10/2024-08-16,True,False,12,4.75,14.59,-3.47,4.75
KRITINUT,2024-08-10/2024-08-16,True,True,2,-10.57,3.06,-23.11,-21.1
POLICYBZR,2024-08-10/2024-08-16,True,False,12,-1.48,15.42,-9.32,-1.48
AARTIDRUGS,2024-08-17/2024-08-23,True,True,2,-2.03,12.37,-2.5,-16.94
GUJAPOLLO,2024-08-17/2024-08-23,True,True,2,-5.69,10.29,-20.21,-14.73
HIRECT,2024-08-17/2024-08-23,True,True,2,-5.92,5.0,-9.79,14.91
INDIGO,2024-08-17/2024-08-23,True,True,9,-7.46,6.72,-8.54,-17.52
JINDALSAW,2024-08-17/2024-08-23,True,True,7,-49.17,9.23,-49.89,-57.6
NELCO,2024-08-17/2024-08-23,True,True,4,-6.67,17.31,-7.84,-22.11
NYKAA,2024-08-17/2024-08-23,True,True,3,-9.39,0.13,-10.22,-24.81
STERTOOLS,2024-08-17/2024-08-23,True,True,2,-7.53,9.98,-8.82,2.99
UTIAMC,2024-08-17/2024-08-23,True,False,12,13.76,21.4,-4.04,13.76
VOLTAS,2024-08-17/2024-08-23,True,True,10,-2.8,15.08,-4.28,1.09
ADFFOODS,2024-08-24/2024-08-30,True,False,12,11.47,19.3,-16.69,11.47
BECTORFOOD,2024-08-24/2024-08-30,True,False,12,4.68,35.38,-3.45,4.68
BHARTIARTL,2024-08-24/2024-08-30,True,False,12,-2.22,10.84,-5.86,-2.22
DEEPENR,2024-08-24/2024-08-30,False,False,1,43.71,43.75,0.0,
GSPL,2024-08-24/2024-08-30,True,True,3,-4.38,11.85,-6.3,-20.92
INDIGO,2024-08-24/2024-08-30,True,True,5,-5.83,2.87,-6.22,-15.36
RADICO,2024-08-24/2024-08-30,True,False,12,15.3,27.35,-2.74,15.3
SUNDARMHLD,2024-08-24/2024-08-30,True,True,4,-12.95,5.61,-13.5,-26.24
TORNTPHARM,2024-08-24/2024-08-30,True,True,9,-8.51,2.49,-11.95,-9.6
VIMTALABS,2024-08-24/2024-08-30,True,True,3,-9.86,11.91,-11.57,22.13
BAJAJFINSV,2024-08-31/2024-09-06,True,True,7,-8.2,9.13,-8.7,-15.06
DPABHUSHAN,2024-08-31/2024-09-06,True,True,11,-4.16,20.22,-4.86,-6.1
GODREJIND,2024-08-31/2024-09-06,True,True,4,-8.74,4.02,-11.45,-11.8
M&MFIN,2024-08-31/2024-09-06,True,True,4,-7.58,5.51,-8.03,-15.9
PPLPHARMA,2024-08-31/2024-09-06,True,False,12,19.44,36.84,-6.89,19.44
SBC,2024-08-31/2024-09-06,True,True,3,-4.99,6.31,-5.89,-23.59
SBICARD,2024-08-31/2024-09-06,True,True,4,-7.2,2.07,-7.69,-12.51
SYNGENE,2024-08-31/2024-09-06,True,True,3,-1.92,4.86,-3.98,4.37
APARINDS,2024-09-07/2024-09-13,True,True,8,-12.12,6.8,-12.38,-2.87
BAJAJ-AUTO,2024-09-07/2024-09-13,True,True,5,-14.23,8.86,-16.13,-22.45
CAMPUS,2024-09-07/2024-09-13,True,True,4,-3.34,13.94,-5.88,-7.48
CENTURYTEX,2024-09-07/2024-09-13,False,False,4,-6.13,1.56,-10.41,
GOCOLORS,2024-09-07/2024-09-13,True,True,6,-5.16,11.27,-7.6,-12.52
HIKAL,2024-09-07/2024-09-13,True,True,3,-9.43,3.63,-11.05,10.44
KABRAEXTRU,2024-09-07/2024-09-13,True,True,2,-12.74,1.91,-13.57,5.04
TATACOMM,2024-09-07/2024-09-13,True,True,5,-9.69,4.87,-12.82,-13.78
UNICHEMLAB,2024-09-07/2024-09-13,True,False,12,17.2,42.57,-6.13,17.2
AARTISURF,2024-09-14/2024-09-20,True,True,2,-4.99,3.1,-6.11,-49.88
CREST,2024-09-14/2024-09-20,True,True,2,-15.57,4.18,-16.24,-21.17
HITECHCORP,2024-09-14/2024-09-20,True,True,2,-2.86,10.47,-4.24,-10.0
ICICIBANK,2024-09-14/2024-09-20,True,True,2,-6.86,0.18,-7.12,1.04
ICRA,2024-09-14/2024-09-20,True,True,3,-3.98,3.14,-4.55,-7.96
LLOYDSME,2024-09-14/2024-09-20,True,False,12,30.79,33.58,-1.64,30.79
MAXHEALTH,2024-09-14/2024-09-20,True,True,2,-12.78,5.26,-14.53,11.11
NESTLEIND,2024-09-14/2024-09-20,True,True,2,-3.96,2.69,-4.25,-16.7
ABFRL,2024-09-21/2024-09-27,True,True,4,-14.93,1.39,-16.67,-20.06
BLUESTARCO,2024-09-21/2024-09-27,True,True,2,-4.75,3.75,-10.84,-6.72
COLPAL,2024-09-21/2024-09-27,True,True,2,-2.39,2.91,-3.88,-27.23
ECLERX,2024-09-21/2024-09-27,True,True,4,-7.49,7.33,-9.67,20.41
MANYAVAR,2024-09-21/2024-09-27,True,False,12,-4.41,11.26,-9.68,-4.41
MUTHOOTCAP,2024-09-21/2024-09-27,True,True,4,-19.96,3.45,-22.23,-13.56
SURYAROSNI,2024-09-21/2024-09-27,True,True,3,-7.84,1.91,-10.95,-24.95
TATAPOWER,2024-09-21/2024-09-27,True,True,3,-6.56,1.19,-9.62,-17.37
VEDL,2024-09-21/2024-09-27,True,True,2,-4.14,0.9,-6.63,-8.04
VIDHIING,2024-09-21/2024-09-27,True,True,2,-4.82,2.49,-9.88,7.65
NATIONALUM,2024-09-28/2024-10-04,True,False,12,-3.35,19.0,-9.5,-3.35
VIJAYA,2024-09-28/2024-10-04,True,True,3,-8.46,12.0,-9.24,8.68
BARBEQUE,2024-10-05/2024-10-11,True,True,2,-20.66,3.96,-25.49,-36.11
CGPOWER,2024-10-05/2024-10-11,True,True,2,-13.36,0.93,-16.76,-14.15
DIVISLAB,2024-10-05/2024-10-11,True,True,2,-5.85,2.21,-7.29,-1.49
EMUDHRA,2024-10-05/2024-10-11,True,True,2,-8.23,3.44,-11.98,-0.55
GUJALKALI,2024-10-05/2024-10-11,True,True,5,-10.65,1.97,-13.27,-14.5
IPCALAB,2024-10-05/2024-10-11,True,True,2,-4.66,2.92,-7.01,4.51
SBCL,2024-10-05/2024-10-11,True,True,2,-11.09,2.8,-12.62,-15.25
TATACHEM,2024-10-05/2024-10-11,True,True,10,-13.83,4.47,-14.49,-13.91
FIVESTAR,2024-10-12/2024-10-18,True,True,2,-19.96,5.4,-21.97,-24.41
HDFCAMC,2024-10-12/2024-10-18,True,True,4,-9.75,1.25,-11.78,-18.9
PREMIERPOL,2024-10-12/2024-10-18,True,True,10,-1.51,29.21,-6.36,2.11
REDTAPE,2024-10-12/2024-10-18,True,True,4,-12.81,3.4,-13.06,-20.56
SILINV,2024-10-12/2024-10-18,True,True,2,-25.14,21.59,-31.17,-18.53
CIGNITITEC,2024-10-19/2024-10-25,True,True,3,-9.38,2.07,-9.9,4.24
MFSL,2024-10-19/2024-10-25,True,True,2,-4.06,2.23,-4.46,-14.35
PAR,2024-10-19/2024-10-25,True,True,3,-1.42,18.07,-2.53,-31.79
AMIORG,2024-10-26/2024-11-01,True,False,12,-0.27,20.35,-3.34,-0.27
DYCL,2024-10-26/2024-11-01,True,False,12,6.68,36.53,-11.13,6.68
PARADEEP,2024-10-26/2024-11-01,True,False,12,15.8,26.91,-2.15,15.8
POLYMED,2024-10-26/2024-11-01,True,True,2,-14.25,0.0,-20.51,-22.37
BANCOINDIA,2024-11-09/2024-11-15,True,True,7,-44.57,36.46,-46.88,-47.04
PIXTRANS,2024-11-09/2024-11-15,True,True,9,-3.85,29.87,-5.73,-1.99
RAMCOCEM,2024-11-09/2024-11-15,True,True,9,-1.9,17.63,-4.43,-0.7
SASKEN,2024-11-09/2024-11-15,True,True,12,-7.4,19.08,-16.89,-7.4
ASTERDM,2024-11-23/2024-11-29,True,True,10,-6.76,5.38,-7.99,-18.24
GENESYS,2024-11-23/2024-11-29,True,True,8,-1.44,15.93,-2.57,-20.05
KABRAEXTRU,2024-11-23/2024-11-29,True,True,2,-2.42,6.37,-5.02,-24.33
LAURUSLABS,2024-11-23/2024-11-29,True,True,3,-0.85,5.14,-1.76,-7.54
MANGCHEFER,2024-11-23/2024-11-29,True,True,2,-4.96,2.41,-7.94,-12.42
PEL,2024-11-23/2024-11-29,True,True,3,-8.25,6.96,-8.55,-21.6
TIRUMALCHM,2024-11-23/2024-11-29,True,True,3,-11.41,5.15,-12.5,-38.75
AFFLE,2024-11-30/2024-12-06,True,True,2,-3.88,4.9,-5.34,-22.04
AGI,2024-11-30/2024-12-06,True,True,3,-7.77,7.65,-8.03,-47.66
HIMATSEIDE,2024-11-30/2024-12-06,True,True,3,-4.06,17.77,-5.52,-42.58
JINDALPOLY,2024-11-30/2024-12-06,True,True,2,-4.21,14.79,-5.55,-35.44
KEC,2024-11-30/2024-12-06,True,True,5,-19.23,4.62,-19.72,-43.2
LINCOLN,2024-11-30/2024-12-06,True,True,2,-12.67,5.33,-14.94,-43.97
RAMCOSYS,2024-11-30/2024-12-06,True,True,2,-11.29,6.71,-13.85,-40.76
ASHOKA,2024-12-07/2024-12-13,True,True,4,-7.96,8.1,-9.86,-35.81
GOKEX,2024-12-07/2024-12-13,True,True,2,-8.15,4.83,-9.68,-32.53
JISLJALEQS,2024-12-07/2024-12-13,True,True,2,-10.73,1.82,-13.25,-19.69
KPRMILL,2024-12-07/2024-12-13,True,True,2,-6.37,10.14,-6.69,-20.16
LUMAXTECH,2024-12-07/2024-12-13,True,True,5,-8.91,10.4,-10.77,-13.16
MUTHOOTFIN,2024-12-07/2024-12-13,True,True,2,-1.22,2.8,-3.59,4.02
NAM-INDIA,2024-12-07/2024-12-13,True,True,2,-5.65,1.94,-6.03,-31.75
PAGEIND,2024-12-07/2024-12-13,True,True,2,-3.72,2.27,-4.63,-17.8
RELIGARE,2024-12-07/2024-12-13,True,True,2,-7.18,4.92,-7.54,-22.7
STYRENIX,2024-12-07/2024-12-13,True,True,5,-10.33,1.6,-11.78,-13.21
SUNFLAG,2024-12-07/2024-12-13,True,True,2,-6.99,10.87,-9.05,-3.39
UNITEDTEA,2024-12-07/2024-12-13,True,True,5,-14.75,3.72,-17.79,-37.94
VIDHIING,2024-12-07/2024-12-13,True,True,4,-16.05,0.99,-17.27,-18.43
ZENTEC,2024-12-07/2024-12-13,True,True,6,-15.07,20.62,-16.02,-42.36
COROMANDEL,2024-12-14/2024-12-20,True,True,5,-1.47,7.37,-5.54,-2.41
GICRE,2024-12-14/2024-12-20,True,True,3,-14.25,3.56,-14.9,-23.24
HCG,2024-12-14/2024-12-20,True,False,12,-6.74,6.54,-14.24,-6.74
KPRMILL,2024-12-14/2024-12-20,True,True,3,-16.34,0.0,-18.17,-21.92
ZENTEC,2024-12-14/2024-12-20,True,True,4,-14.28,2.82,-18.98,-52.46
ZOTA,2024-12-14/2024-12-20,True,False,12,0.04,37.55,-3.5,0.04
IPCALAB,2024-12-28/2025-01-03,True,True,2,-10.58,1.74,-11.46,-12.98
KABRAEXTRU,2024-12-28/2025-01-03,True,True,2,-18.89,1.3,-20.84,-49.35
MUTHOOTFIN,2024-12-28/2025-01-03,True,False,12,7.04,9.4,-6.24,7.04
NAUKRI,2024-12-28/2025-01-03,True,True,2,-15.04,0.1,-20.94,-21.26
VARROC,2024-12-28/2025-01-03,True,True,3,-13.3,0.47,-14.02,-32.15
POKARNA,2025-01-04/2025-01-10,True,True,2,-15.6,6.69,-16.92,-35.58
AEROFLEX,2025-01-11/2025-01-17,True,True,4,-17.7,11.52,-20.46,-32.29
BAJFINANCE,2025-01-25/2025-01-31,True,False,12,15.02,21.94,-0.01,15.02
CHAMBLFERT,2025-02-01/2025-02-07,True,False,12,25.02,27.26,-8.94,25.02
AAVAS,2025-03-08/2025-03-14,True,True,8,-8.48,19.04,-10.79,2.43
SARDAEN,2025-03-08/2025-03-14,True,True,2,-5.72,3.37,-14.9,-20.02
ASTRAZEN,2025-03-15/2025-03-21,True,True,2,-8.25,5.15,-10.84,21.99
INDIGO,2025-03-15/2025-03-21,True,False,12,4.09,13.33,-8.32,4.09
KOTAKBANK,2025-03-15/2025-03-21,True,True,10,-1.2,9.61,-4.72,0.35
KSCL,2025-03-15/2025-03-21,True,False,12,2.44,24.67,-6.86,2.44
MUTHOOTFIN,2025-03-15/2025-03-21,True,True,3,-15.07,1.09,-17.26,9.42
MANGCHEFER,2025-04-05/2025-04-11,True,False,12,41.87,57.16,-0.47,41.87
PATANJALI,2025-04-12/2025-04-18,True,True,2,-5.8,0.55,-6.15,-16.07
NAZARA,2025-05-03/2025-05-09,True,False,12,20.13,28.79,-0.48,20.13
BEL,2025-05-10/2025-05-16,True,False,12,3.14,16.92,-3.86,3.14
BYKE,2025-05-10/2025-05-16,True,True,4,-24.83,7.06,-25.85,-31.76
CARERATING,2025-05-10/2025-05-16,True,False,12,9.32,28.58,-1.2,9.32
INDIAGLYCO,2025-05-10/2025-05-16,True,False,12,-0.53,22.17,-5.43,-0.53
NAZARA,2025-05-10/2025-05-16,True,True,3,-0.79,6.29,-2.62,11.54
SHREECEM,2025-05-10/2025-05-16,True,True,2,-6.39,0.96,-6.75,-3.8
SUVEN,2025-05-10/2025-05-16,True,False,12,4.59,42.34,-2.57,4.59
BAJAJHLDNG,2025-05-17/2025-05-23,True,False,12,2.06,6.42,-5.41,2.06
CARERATING,2025-05-17/2025-05-23,True,True,12,-5.83,13.59,-8.1,-5.83
IDBI,2025-05-17/2025-05-23,True,True,10,-4.31,12.81,-5.59,-7.32
KRBL,2025-05-17/2025-05-23,True,True,4,-6.19,5.22,-6.74,28.66
MFSL,2025-05-17/2025-05-23,True,False,12,8.43,13.08,-1.93,8.43
NAZARA,2025-05-17/2025-05-23,True,True,2,-5.85,0.4,-7.58,7.57
RPOWER,2025-05-17/2025-05-23,True,True,5,-13.44,44.59,-15.69,-12.25
VISHNU,2025-05-17/2025-05-23,True,True,11,-4.74,19.16,-6.45,-4.22
APOLLO,2025-05-24/2025-05-30,True,True,6,-4.71,17.32,-5.34,24.62
ENGINERSIN,2025-05-24/2025-05-30,True,True,2,-2.76,6.83,-6.63,-16.83
IDBI,2025-05-24/2025-05-30,True,True,2,-2.15,7.74,-2.8,-1.96
IWEL,2025-05-24/2025-05-30,True,True,2,-9.23,0.83,-10.44,
JKCEMENT,2025-05-24/2025-05-30,True,False,12,24.44,37.62,-1.56,24.44
LTFOODS,2025-05-24/2025-05-30,True,False,12,-1.43,17.88,-11.53,-1.43
LUMAXTECH,2025-05-24/2025-05-30,True,False,12,40.74,54.52,-0.69,40.74
MBAPL,2025-05-24/2025-05-30,True,False,12,27.0,32.86,-2.86,27.0
PGHL,2025-05-24/2025-05-30,True,False,12,14.26,16.02,-3.98,14.26
STYRENIX,2025-05-24/2025-05-30,True,True,8,-4.77,8.85,-6.34,-19.09
VENUSREM,2025-05-24/2025-05-30,True,True,3,-3.72,6.46,-5.35,56.48
VISHNU,2025-05-24/2025-05-30,True,True,5,-6.01,6.64,-7.16,-4.83
WELCORP,2025-05-24/2025-05-30,True,True,2,-2.63,6.88,-4.07,-4.34
ASTRAZEN,2025-05-31/2025-06-06,True,True,2,-10.39,7.99,-11.16,-14.54
FIEMIND,2025-05-31/2025-06-06,True,True,9,-4.87,8.17,-5.25,10.57
FORTIS,2025-05-31/2025-06-06,True,False,12,18.84,26.6,-3.23,18.84
HDFCAMC,2025-05-31/2025-06-06,True,False,12,7.05,16.16,-7.9,7.05
LTFOODS,2025-05-31/2025-06-06,True,True,2,-10.31,0.29,-12.94,-12.69
MCX,2025-05-31/2025-06-06,True,False,12,-2.36,20.43,-3.49,-2.36
PNBHOUSING,2025-05-31/2025-06-06,True,True,7,-9.54,2.23,-11.07,-32.53
STYRENIX,2025-05-31/2025-06-06,True,True,3,-3.62,6.0,-4.25,-18.95
UJJIVANSFB,2025-05-31/2025-06-06,True,True,7,-10.66,6.97,-11.53,-11.98
WELCORP,2025-05-31/2025-06-06,True,True,7,-8.28,2.8,-9.5,-12.88
AFFLE,2025-06-07/2025-06-13,True,True,6,-6.48,7.97,-7.07,0.15
DBL,2025-06-07/2025-06-13,True,True,6,-13.32,0.84,-13.98,-13.18
ERIS,2025-06-07/2025-06-13,True,False,12,-3.67,5.85,-12.03,-3.67
FEDFINA,2025-06-07/2025-06-13,True,False,12,16.57,23.61,-4.59,16.57
JUBLINGREA,2025-06-07/2025-06-13,True,False,12,-7.97,9.21,-12.56,-7.97
MAITHANALL,2025-06-07/2025-06-13,True,True,7,-10.36,4.64,-10.6,-9.55
MANAPPURAM,2025-06-07/2025-06-13,True,True,7,-11.15,2.11,-11.58,1.97
PSPPROJECT,2025-06-07/2025-06-13,True,True,8,-2.3,20.34,-11.44,0.76
SUBROS,2025-06-07/2025-06-13,True,True,8,-3.05,30.25,-3.68,14.75
SUDARSCHEM,2025-06-07/2025-06-13,True,False,12,14.28,23.42,-4.44,14.28
TNPETRO,2025-06-07/2025-06-13,True,False,12,11.51,38.18,-5.32,11.51
WOCKPHARMA,2025-06-07/2025-06-13,True,True,2,-8.39,4.33,-10.57,-17.4
ZEEL,2025-06-07/2025-06-13,True,True,6,-10.69,9.53,-11.04,-16.32
INTLCONV,2025-06-14/2025-06-20,True,True,6,-3.37,12.1,-4.0,7.62
ABBOTINDIA,2025-06-21/2025-06-27,True,True,3,-2.35,2.89,-3.33,-13.11
ALKYLAMINE,2025-06-21/2025-06-27,True,True,2,-1.27,7.77,-1.54,-8.17
ASKAUTOLTD,2025-06-21/2025-06-27,True,True,4,-4.09,4.72,-5.04,-2.51
GLENMARK,2025-06-21/2025-06-27,True,False,12,21.24,32.84,-0.26,21.24
HDFCLIFE,2025-06-21/2025-06-27,True,True,2,-6.18,1.45,-6.45,-3.31
HDFCNIFBAN,2025-06-21/2025-06-27,True,False,12,-3.57,0.59,-7.93,-3.57
HINDPETRO,2025-06-21/2025-06-27,True,True,3,-2.14,3.45,-2.73,-6.13
INDOBORAX,2025-06-21/2025-06-27,True,False,12,29.4,44.15,-0.14,29.4
LTF,2025-06-21/2025-06-27,True,True,5,-1.85,4.82,-3.02,20.38
MAHSEAMLES,2025-06-21/2025-06-27,True,True,2,-8.94,0.31,-9.27,-17.64
MAXHEALTH,2025-06-21/2025-06-27,True,True,2,-5.08,2.32,-5.37,-9.72
MGL,2025-06-21/2025-06-27,True,True,4,-8.66,5.05,-8.95,-10.98
NESCO,2025-06-21/2025-06-27,True,False,12,36.89,46.33,-0.44,36.89
PAGEIND,2025-06-21/2025-06-27,True,True,3,-4.22,1.84,-4.94,-10.72
SBILIFE,2025-06-21/2025-06-27,True,False,12,-0.23,3.58,-4.98,-0.23
SRF,2025-06-21/2025-06-27,True,True,4,-4.52,4.4,-4.74,-7.77
TITAN,2025-06-21/2025-06-27,True,True,2,-8.31,1.64,-8.43,-5.43
TVSMOTOR,2025-06-21/2025-06-27,True,True,2,-6.56,0.11,-6.85,19.72
APOLLOHOSP,2025-06-28/2025-07-04,True,True,5,-6.32,0.96,-6.73,-0.69
ASAHIINDIA,2025-06-28/2025-07-04,True,False,12,7.43,10.55,-5.09,7.43
BAYERCROP,2025-06-28/2025-07-04,True,True,5,-13.97,0.52,-15.31,-22.05
CSBBANK,2025-06-28/2025-07-04,True,True,6,-9.34,7.3,-15.19,-13.16
INDNIPPON,2025-06-28/2025-07-04,True,False,12,20.79,30.36,-3.28,20.79
INDOBORAX,2025-06-28/2025-07-04,True,False,12,21.96,39.13,-1.59,21.96
JKLAKSHMI,2025-06-28/2025-07-04,True,True,3,-3.56,4.21,-4.28,-13.32
KARURVYSYA,2025-06-28/2025-07-04,True,True,3,-3.84,2.2,-4.39,-24.12
LAURUSLABS,2025-06-28/2025-07-04,True,False,12,7.02,21.38,-2.12,7.02
MGL,2025-06-28/2025-07-04,True,True,3,-10.98,0.77,-11.26,-20.15
UDAICEMENT,2025-06-28/2025-07-04,False,False,7,5.01,9.86,-2.0,
ZOTA,2025-06-28/2025-07-04,True,False,12,19.28,29.72,-4.61,19.28
ASHAPURMIN,2025-07-05/2025-07-11,True,False,12,46.84,51.32,-1.74,46.84
CARTRADE,2025-07-05/2025-07-11,True,False,12,31.12,44.62,-3.79,31.12
DATAMATICS,2025-07-05/2025-07-11,True,False,12,20.93,52.6,-1.9,20.93
GLENMARK,2025-07-05/2025-07-11,True,True,3,-4.71,4.42,-5.36,-8.75
INDIASHLTR,2025-07-05/2025-07-11,True,True,2,-2.8,5.17,-3.9,-8.69
LEMONTREE,2025-07-05/2025-07-11,True,True,3,-3.55,4.33,-4.07,13.75
MEDANTA,2025-07-05/2025-07-11,True,False,12,1.83,11.62,-1.62,1.83
TCI,2025-07-05/2025-07-11,True,True,3,-6.62,3.4,-7.73,-2.41
AADHARHFC,2025-07-12/2025-07-18,True,False,12,-0.87,5.35,-5.58,-0.87
BIOCON,2025-07-12/2025-07-18,True,True,2,-4.19,1.16,-4.51,-11.6
DATAMATICS,2025-07-12/2025-07-18,True,False,12,14.44,45.1,-2.38,14.44
DECCANCE,2025-07-12/2025-07-18,True,True,2,-3.66,4.09,-4.09,-4.99
FEDFINA,2025-07-12/2025-07-18,True,False,12,23.79,32.42,-3.54,23.79
GLAND,2025-07-12/2025-07-18,True,True,3,-4.7,4.98,-5.17,-5.25
HDFCAMC,2025-07-12/2025-07-18,True,True,4,-1.77,2.42,-3.33,-1.25
MASFIN,2025-07-12/2025-07-18,True,True,2,-9.25,2.37,-11.08,-9.31
PEL,2025-07-12/2025-07-18,True,True,2,-9.72,2.21,-10.26,
SAGCEM,2025-07-12/2025-07-18,True,True,3,-15.25,4.41,-15.8,-6.3
SUMICHEM,2025-07-12/2025-07-18,True,True,3,-5.32,9.1,-6.0,-13.42
TEGA,2025-07-12/2025-07-18,True,False,12,-0.32,8.92,-8.93,-0.32
AUTOAXLES,2025-07-19/2025-07-25,True,True,2,-12.6,2.77,-12.96,-10.4
DATAMATICS,2025-07-19/2025-07-25,True,True,9,-2.98,27.34,-4.5,-3.98
DPABHUSHAN,2025-07-19/2025-07-25,True,True,4,-5.19,2.65,-6.39,-17.51
GLOBUSSPR,2025-07-19/2025-07-25,True,True,2,-5.65,5.77,-8.61,-9.3
SHANTIGEAR,2025-07-19/2025-07-25,True,True,10,-9.98,2.92,-11.66,-12.03
SHYAMMETL,2025-07-19/2025-07-25,True,True,5,-7.15,2.67,-7.92,-5.85
SPIC,2025-07-19/2025-07-25,True,True,2,-13.27,6.31,-13.68,-9.5
UPL,2025-07-19/2025-07-25,True,True,9,-10.62,2.21,-11.03,-7.01
APCOTEXIND,2025-07-26/2025-08-01,True,True,3,-8.44,0.7,-9.3,-17.23
CARTRADE,2025-07-26/2025-08-01,True,False,12,16.77,26.38,-6.63,16.77
GMMPFAUDLR,2025-07-26/2025-08-01,True,True,3,-12.92,0.56,-13.64,-15.75
GODIGIT,2025-07-26/2025-08-01,True,True,7,-4.3,3.64,-5.9,-3.49
NUVOCO,2025-07-26/2025-08-01,True,True,8,-0.83,12.78,-1.71,-2.01
RADICO,2025-07-26/2025-08-01,True,False,12,12.39,19.48,-10.27,12.39
STARCEMENT,2025-07-26/2025-08-01,True,False,12,2.66,26.36,-0.13,2.66
SUDARSCHEM,2025-07-26/2025-08-01,True,True,6,-3.03,8.96,-3.55,-15.34
SUMICHEM,2025-07-26/2025-08-01,True,True,4,-10.42,5.22,-11.87,-18.05
CUMMINSIND,2025-08-02/2025-08-08,True,False,12,14.11,15.57,-2.03,14.11
FORTIS,2025-08-02/2025-08-08,True,False,12,13.8,22.84,-0.44,13.8
HEROMOTOCO,2025-08-02/2025-08-08,True,False,12,20.44,24.2,-1.39,20.44
MEDANTA,2025-08-02/2025-08-08,True,True,5,-6.87,2.41,-7.31,-7.63
ORICONENT,2025-08-02/2025-08-08,True,False,12,-2.3,15.92,-10.19,-2.3
STARCEMENT,2025-08-02/2025-08-08,True,True,7,-2.67,18.83,-3.08,-1.19
APOLLOHOSP,2025-08-09/2025-08-15,True,True,2,-3.06,1.66,-3.36,-2.65
MUTHOOTFIN,2025-08-09/2025-08-15,True,True,2,-5.79,0.25,-6.99,15.36
DMART,2025-08-16/2025-08-22,True,True,3,-2.08,4.98,-3.22,-14.02
GPIL,2025-08-16/2025-08-22,True,False,12,15.77,21.34,-3.29,15.77
KAMATHOTEL,2025-08-16/2025-08-22,True,True,11,-9.24,7.3,-10.72,-22.86
LEMONTREE,2025-08-16/2025-08-22,True,True,11,-4.58,5.96,-5.59,-8.21
MAHEPC,2025-08-16/2025-08-22,True,True,2,-8.72,3.63,-10.28,-25.17
MARUTI,2025-08-16/2025-08-22,True,False,12,8.91,15.69,-0.84,8.91
RAMCOIND,2025-08-16/2025-08-22,True,False,12,1.4,29.28,-1.2,1.4
ROHLTD,2025-08-16/2025-08-22,True,True,12,-11.49,23.66,-12.47,-11.49
SHAILY,2025-08-16/2025-08-22,True,False,12,23.66,25.88,-2.0,23.66
SHREDIGCEM,2025-08-16/2025-08-22,True,True,2,-3.56,14.57,-4.09,-4.16
TVSMOTOR,2025-08-16/2025-08-22,True,False,12,2.31,12.39,-2.18,2.31
UNOMINDA,2025-08-16/2025-08-22,True,True,7,-4.31,8.41,-4.55,2.54
ASIANENE,2025-08-23/2025-08-29,True,True,3,-7.2,4.47,-10.88,-18.59
AMRUTANJAN,2025-08-30/2025-09-05,True,True,3,-6.07,2.43,-7.24,-11.81
ASIANENE,2025-08-30/2025-09-05,True,True,3,-14.33,0.0,-14.95,-23.88
CGPOWER,2025-08-30/2025-09-05,True,True,7,-2.58,7.34,-3.2,-9.43
EICHERMOT,2025-08-30/2025-09-05,True,False,12,7.35,10.87,-0.02,7.35
INDNIPPON,2025-08-30/2025-09-05,True,True,11,-9.11,18.91,-9.3,-7.36
KAYNES,2025-08-30/2025-09-05,True,True,7,-4.23,10.32,-4.77,-21.4
M&M,2025-08-30/2025-09-05,True,True,3,-5.26,3.87,-5.39,4.81
SAGCEM,2025-08-30/2025-09-05,True,True,3,-14.38,0.51,-14.77,-26.43
ADANIPOWER,2025-09-06/2025-09-12,True,True,2,-77.72,10.13,-78.35,-78.1
EICHERMOT,2025-09-06/2025-09-12,True,True,9,-2.62,3.6,-2.98,4.84
EVINDIA,2025-09-06/2025-09-12,True,True,8,-3.27,1.51,-5.53,-1.23
MARUTI,2025-09-06/2025-09-12,True,False,12,6.07,8.53,-0.66,6.07
NLCINDIA,2025-09-06/2025-09-12,True,True,10,-6.65,11.1,-7.13,-8.97
RAMCOIND,2025-09-06/2025-09-12,True,True,2,-1.56,9.66,-2.07,-15.04
SANGHVIMOV,2025-09-06/2025-09-12,True,True,2,-0.33,9.26,-1.36,-17.75
SMSPHARMA,2025-09-06/2025-09-12,True,True,2,-14.1,5.29,-14.93,8.19
TVSHLTD,2025-09-06/2025-09-12,True,True,2,-5.81,1.85,-6.37,8.16
AADHARHFC,2025-09-13/2025-09-19,True,True,4,-6.58,1.6,-7.08,-9.32
ACCELYA,2025-09-13/2025-09-19,True,True,5,-4.69,1.81,-5.8,-12.67
ADANIPOWER,2025-09-13/2025-09-19,True,False,12,-2.5,23.28,-8.91,-2.5
CAPLIPOINT,2025-09-13/2025-09-19,True,True,4,-15.17,1.11,-16.79,-16.18
GESHIP,2025-09-13/2025-09-19,True,False,12,4.37,10.92,-8.64,4.37
HARIOMPIPE,2025-09-13/2025-09-19,True,True,2,-14.37,1.81,-15.3,-36.54
HERITGFOOD,2025-09-13/2025-09-19,True,True,9,-11.98,2.33,-12.54,-10.18
MIRZAINT,2025-09-13/2025-09-19,True,True,6,-12.86,1.07,-15.34,-5.51
PRSMJOHNSN,2025-09-13/2025-09-19,True,True,2,-5.17,1.77,-8.45,-22.82
PSUBANKADD,2025-09-13/2025-09-19,True,False,12,11.6,17.74,-2.01,11.6
RADICO,2025-09-13/2025-09-19,True,False,12,5.34,17.36,-6.75,5.34
SANSERA,2025-09-13/2025-09-19,True,True,2,-6.3,1.67,-8.76,13.65
USHAMART,2025-09-13/2025-09-19,True,False,12,3.92,17.24,-3.18,3.92
VARROC,2025-09-13/2025-09-19,True,True,3,-3.94,5.25,-6.8,3.03
ATL,2025-09-20/2025-09-26,True,True,2,-5.14,9.19,-7.43,-28.62
HINDCOPPER,2025-09-20/2025-09-26,True,False,12,22.86,23.9,-2.2,22.86
MUNJALAU,2025-09-20/2025-09-26,True,True,2,-5.66,9.72,-6.04,-24.64
ONMOBILE,2025-09-20/2025-09-26,True,True,6,-7.0,7.27,-7.14,-13.83
TATAINVEST,2025-09-20/2025-09-26,True,True,3,-89.93,34.16,-89.98,-91.98
HEROMOTOCO,2025-09-27/2025-10-03,True,True,5,-4.18,3.44,-4.97,1.99
JKPAPER,2025-09-27/2025-10-03,True,True,2,-5.45,0.54,-6.59,-14.13
NSIL,2025-09-27/2025-10-03,True,True,5,-15.38,5.95,-15.78,-20.59
PRECWIRE,2025-09-27/2025-10-03,True,True,2,-4.56,5.87,-5.05,13.23
PTCIL,2025-09-27/2025-10-03,True,False,12,10.84,15.06,-7.71,10.84
SURYODAY,2025-09-27/2025-10-03,True,True,2,-8.84,0.0,-10.05,-7.41
TVSSRICHAK,2025-09-27/2025-10-03,True,False,12,10.34,28.39,-0.72,10.34
VSSL,2025-09-27/2025-10-03,True,True,2,-7.2,0.17,-11.15,-6.34
AVALON,2025-10-04/2025-10-10,True,True,2,-7.62,3.97,-8.49,-26.32
FORTIS,2025-10-04/2025-10-10,True,True,2,-2.33,3.98,-2.55,-13.87
GMBREW,2025-10-04/2025-10-10,True,False,12,35.64,47.94,-0.98,35.64
MALLCOM,2025-10-04/2025-10-10,True,True,5,-12.4,4.83,-12.93,-19.34
MCLEODRUSS,2025-10-04/2025-10-10,True,True,2,-10.7,4.78,-11.16,-22.39
MOLDTECH,2025-10-04/2025-10-10,True,True,2,-7.18,5.72,-7.92,-27.68
SOUTHBANK,2025-10-04/2025-10-10,True,False,12,12.67,21.57,-8.06,12.67
UNIPARTS,2025-10-04/2025-10-10,True,False,12,4.65,14.53,-3.58,4.65
MCX,2025-10-11/2025-10-17,True,True,11,-76.43,19.31,-76.71,-76.7
MTARTECH,2025-10-11/2025-10-17,True,False,12,18.23,20.53,-7.13,18.23
MUFIN,2025-10-11/2025-10-17,True,False,12,20.73,29.85,-3.28,20.73
RBLBANK,2025-10-11/2025-10-17,True,True,9,-0.68,9.82,-2.75,1.19
UNIPARTS,2025-10-11/2025-10-17,True,True,12,-18.19,2.07,-19.91,-18.19
ABDL,2025-10-18/2025-10-24,True,True,10,-5.69,13.3,-6.49,-23.11
AUBANK,2025-10-18/2025-10-24,True,False,12,19.23,19.76,-0.55,19.23
BANKINDIA,2025-10-18/2025-10-24,True,False,12,17.25,17.43,-0.34,17.25
DCBBANK,2025-10-18/2025-10-24,True,False,12,18.19,19.81,-3.03,18.19
SCI,2025-10-18/2025-10-24,True,True,4,-11.37,1.83,-11.72,-22.11
UJJIVANSFB,2025-10-18/2025-10-24,True,False,12,15.02,15.78,-4.71,15.02
ABCAPITAL,2025-10-25/2025-10-31,True,False,12,6.69,13.4,-0.94,6.69
BANKBARODA,2025-10-25/2025-10-31,True,False,12,4.09,10.14,-1.41,4.09
BANKINDIA,2025-10-25/2025-10-31,True,False,12,13.6,19.82,-2.73,13.6
CANBK,2025-10-25/2025-10-31,True,False,12,10.27,15.57,-0.8,10.27
CHENNPETRO,2025-10-25/2025-10-31,True,True,4,-5.7,13.54,-8.39,-13.31
ECLERX,2025-10-25/2025-10-31,True,False,12,-8.78,4.62,-12.43,-8.78
GRAPHITE,2025-10-25/2025-10-31,True,True,2,-8.78,2.51,-17.1,-2.67
HINDPETRO,2025-10-25/2025-10-31,True,True,4,-4.98,2.69,-5.97,-13.84
IOC,2025-10-25/2025-10-31,True,True,4,-3.14,4.49,-3.29,-6.57
KIRLOSENG,2025-10-25/2025-10-31,True,False,12,10.51,34.23,-5.75,10.51
LT,2025-10-25/2025-10-31,True,True,12,-7.1,4.09,-7.69,-7.1
MUFIN,2025-10-25/2025-10-31,True,True,2,-11.5,2.72,-12.89,-8.51
NAVINFLUOR,2025-10-25/2025-10-31,True,True,10,-0.03,9.18,-4.56,3.84
PNB,2025-10-25/2025-10-31,True,True,6,-4.3,3.82,-6.47,-2.4
PSPPROJECT,2025-10-25/2025-10-31,True,True,3,-4.63,10.74,-5.04,-25.85
RPEL,2025-10-25/2025-10-31,True,True,12,-12.44,34.32,-13.02,-12.44
SBILIFE,2025-10-25/2025-10-31,True,False,12,2.7,8.18,-0.26,2.7
SBIN,2025-10-25/2025-10-31,True,False,12,9.67,12.44,-0.13,9.67
SHRIRAMFIN,2025-10-25/2025-10-31,True,False,12,31.56,34.45,-0.56,31.56
SUPRIYA,2025-10-25/2025-10-31,True,True,3,-4.49,6.99,-5.07,-7.96
TATASTEEL,2025-10-25/2025-10-31,True,True,2,-4.46,0.93,-5.64,2.86
VAIBHAVGBL,2025-10-25/2025-10-31,True,True,3,-11.2,5.31,-11.85,-18.81
3MINDIA,2025-11-01/2025-11-07,True,True,3,-0.63,4.39,-0.93,-1.91
CCL,2025-11-01/2025-11-07,True,True,2,-1.63,5.86,-2.26,-4.37
CUB,2025-11-01/2025-11-07,True,False,12,18.71,19.87,-2.9,18.71
GPPL,2025-11-01/2025-11-07,True,True,11,-8.35,10.55,-8.84,-7.71
LTF,2025-11-01/2025-11-07,True,True,2,-5.03,1.4,-5.2,-5.81
PENIND,2025-11-01/2025-11-07,True,True,2,-10.99,1.89,-13.42,-31.47
PRIVISCL,2025-11-01/2025-11-07,True,True,2,-6.8,2.06,-7.28,-16.57
SHRIRAMFIN,2025-11-01/2025-11-07,True,False,12,24.09,25.22,-2.2,24.09
UPL,2025-11-01/2025-11-07,True,True,11,-6.33,8.29,-10.47,-6.15
AIAENG,2025-11-08/2025-11-14,True,False,12,5.14,13.89,-2.01,5.14
AUROPHARMA,2025-11-08/2025-11-14,True,True,4,-2.24,2.24,-5.07,-2.58
BHARATFORG,2025-11-08/2025-11-14,True,False,12,11.09,14.05,-3.89,11.09
BIOCON,2025-11-08/2025-11-14,True,True,4,-6.34,3.02,-8.96,-11.42
CARYSIL,2025-11-08/2025-11-14,True,True,3,-7.67,5.02,-7.88,-8.14
DATAPATTNS,2025-11-08/2025-11-14,True,True,2,-4.48,3.38,-5.95,-12.42
INDIGOPNTS,2025-11-08/2025-11-14,True,True,3,-4.87,3.63,-6.83,-22.32
LUMAXTECH,2025-11-08/2025-11-14,True,False,12,3.01,18.85,-14.78,3.01
TORNTPHARM,2025-11-08/2025-11-14,True,False,12,2.07,6.43,-4.84,2.07
UNIVCABLES,2025-11-08/2025-11-14,True,True,5,-3.79,13.27,-7.28,-14.81
FEDERALBNK,2025-11-15/2025-11-21,True,False,12,17.64,21.69,-1.13,17.64
HEROMOTOCO,2025-11-15/2025-11-21,True,True,3,-0.72,6.42,-1.62,-6.98
MANOMAY,2025-11-15/2025-11-21,True,True,3,-11.91,9.38,-13.07,-25.24
TBOTEK,2025-11-15/2025-11-21,True,True,2,-4.95,2.63,-6.36,-11.08
MAHLIFE,2025-11-22/2025-11-28,True,True,2,-5.06,1.02,-8.54,-12.68
MUTHOOTMF,2025-11-22/2025-11-28,True,True,2,-10.21,0.65,-11.13,-6.22
SHRIPISTON,2025-11-29/2025-12-05,True,True,7,-5.91,18.72,-6.97,8.6
SHRIPISTON,2025-12-06/2025-12-12,True,True,5,-7.95,8.68,-8.29,-6.58
JKTYRE,2025-12-13/2025-12-19,True,True,11,-7.64,24.88,-12.17,-15.97
NMDC,2025-12-20/2025-12-26,True,True,4,-8.55,3.86,-8.92,-4.46
AJANTPHARM,2025-12-27/2026-01-02,True,True,2,-9.96,0.42,-10.68,-5.69
CANBK,2025-12-27/2026-01-02,True,True,4,-5.2,3.4,-5.71,-16.11
CANTABIL,2025-12-27/2026-01-02,True,True,3,-4.11,6.33,-8.37,-21.52
CRAFTSMAN,2025-12-27/2026-01-02,True,True,3,-10.16,0.7,-11.1,-13.59
CSBBANK,2025-12-27/2026-01-02,True,True,3,-0.53,16.99,-7.33,-27.95
HINDPETRO,2025-12-27/2026-01-02,True,True,3,-16.22,2.69,-16.44,-31.15
IDBI,2025-12-27/2026-01-02,True,True,3,-15.62,2.53,-18.46,-44.56
INDUSTOWER,2025-12-27/2026-01-02,True,True,3,-5.95,3.56,-8.62,-2.96
JSL,2025-12-27/2026-01-02,True,True,3,-13.2,2.86,-14.48,-17.23
KARURVYSYA,2025-12-27/2026-01-02,True,False,12,9.52,27.18,-7.17,9.52
MAHABANK,2025-12-27/2026-01-02,True,False,12,0.72,20.31,-6.58,0.72
NMDC,2025-12-27/2026-01-02,True,True,3,-10.16,2.02,-10.53,-9.18
SANSERA,2025-12-27/2026-01-02,True,True,3,-11.93,3.83,-12.46,14.49
UPL,2025-12-27/2026-01-02,True,True,3,-13.27,0.18,-17.1,-26.44
UJJIVANSFB,2026-01-03/2026-01-09,True,True,8,-6.54,13.77,-9.65,-7.28
PSUBANK,2026-01-10/2026-01-16,True,True,8,-6.04,11.59,-8.24,-3.4
UNIONBANK,2026-01-10/2026-01-16,True,False,12,7.5,16.86,-7.26,7.5
VEDL,2026-01-10/2026-01-16,True,True,10,-5.19,12.39,-7.4,8.79
BEL,2026-01-24/2026-01-30,True,True,8,-6.31,9.59,-6.66,2.88
GESHIP,2026-01-24/2026-01-30,True,False,12,18.27,27.07,-0.57,18.27
BHARATFORG,2026-01-31/2026-02-06,True,False,12,18.71,23.02,-0.44,18.71
CEIGALL,2026-01-31/2026-02-06,True,True,4,-6.46,3.67,-11.23,14.01
NYKAA,2026-01-31/2026-02-06,True,True,2,-4.12,3.1,-4.7,-4.42
MFSL,2026-02-07/2026-02-13,True,True,3,-6.3,4.22,-6.75,-6.4
MANGLMCEM,2026-02-14/2026-02-20,True,True,2,-5.9,3.91,-8.15,-2.39
MAHABANK,2026-02-21/2026-02-27,True,True,2,-9.29,5.56,-9.99,13.29
GESHIP,2026-03-07/2026-03-13,True,False,12,0.97,24.0,-8.97,0.97
AETHER,2026-03-14/2026-03-20,True,True,9,-8.57,10.9,-10.97,-0.6
DCI,2026-03-21/2026-03-27,True,True,3,-11.27,56.77,-12.54,
GMDCLTD,2026-04-11/2026-04-17,True,True,4,-10.47,3.48,-12.72,-19.1
JAYNECOIND,2026-04-11/2026-04-17,True,True,8,-5.84,21.24,-11.04,-5.2
VISHNU,2026-04-11/2026-04-17,True,False,12,1.95,11.34,-3.83,1.95
AYMSYNTEX,2026-04-18/2026-04-24,True,True,4,-10.15,8.26,-10.41,8.22
CEIGALL,2026-04-18/2026-04-24,True,False,12,4.66,24.37,-3.19,4.66
DYNAMATECH,2026-04-18/2026-04-24,True,True,3,-9.78,8.19,-12.86,-13.37
DHAMPURSUG,2026-04-25/2026-05-01,True,True,2,-10.55,5.62,-10.96,-10.25
CRAFTSMAN,2026-05-02/2026-05-08,False,False,11,2.7,9.94,-8.82,
DSSL,2026-05-02/2026-05-08,True,True,4,-1.7,46.82,-1.7,
GAEL,2026-05-02/2026-05-08,True,True,3,-11.18,2.02,-12.84,
STYLAMIND,2026-05-02/2026-05-08,False,False,11,35.27,64.29,-3.75,
UNIPARTS,2026-05-02/2026-05-08,False,False,11,21.39,27.24,-8.44,
NAZARA,2026-05-09/2026-05-15,True,True,2,-7.26,1.84,-8.18,
SOLARINDS,2026-05-09/2026-05-15,True,True,4,-2.09,7.8,-2.56,
APOLLOHOSP,2026-05-16/2026-05-22,False,False,9,4.45,6.87,-7.28,
CARYSIL,2026-05-16/2026-05-22,False,False,9,2.34,16.45,-5.52,
ENTERO,2026-05-16/2026-05-22,True,True,2,-18.16,2.13,-18.91,
HONASA,2026-05-16/2026-05-22,False,False,9,16.52,27.62,-0.82,
PANAMAPET,2026-05-16/2026-05-22,False,False,9,44.0,49.86,-14.51,
PASUPTAC,2026-05-16/2026-05-22,False,False,3,20.39,33.81,-3.39,
SANSTAR,2026-05-16/2026-05-22,False,False,9,-7.1,17.21,-12.53,
SBC,2026-05-16/2026-05-22,True,True,2,-4.11,4.55,-7.47,
SOLARINDS,2026-05-16/2026-05-22,True,True,3,-6.72,2.7,-7.17,
AIAENG,2026-05-23/2026-05-29,True,True,2,-4.24,5.51,-5.2,
IFCI,2026-05-30/2026-06-05,False,False,7,-10.1,22.82,-11.78,
AEGISLOG,2026-06-06/2026-06-12,False,False,6,41.33,50.22,-3.63,
ASTERDM,2026-06-06/2026-06-12,False,False,6,-4.77,1.09,-8.58,
CAPLIPOINT,2026-06-06/2026-06-12,False,False,6,1.32,10.84,-4.5,
DLINKINDIA,2026-06-06/2026-06-12,True,True,5,-11.81,7.58,-12.62,
EQUITASBNK,2026-06-06/2026-06-12,True,True,2,-2.42,4.08,-4.13,
INNOVACAP,2026-06-06/2026-06-12,False,False,6,-0.16,8.7,-4.23,
AURUM,2026-06-13/2026-06-19,False,False,5,7.93,29.1,-1.46,
AVL,2026-06-13/2026-06-19,True,True,5,-4.52,10.16,-5.83,
CGCL,2026-06-13/2026-06-19,False,False,5,8.04,19.97,-2.79,
DLINKINDIA,2026-06-13/2026-06-19,True,True,3,-4.21,3.88,-6.18,
FINEORG,2026-06-13/2026-06-19,True,True,3,-5.67,2.02,-8.45,
IRISDOREME,2026-06-13/2026-06-19,False,False,5,18.39,21.04,-7.52,
KPIL,2026-06-13/2026-06-19,True,True,2,-3.85,4.94,-5.09,
LMW,2026-06-13/2026-06-19,True,True,5,-5.98,5.57,-7.55,
MONARCH,2026-06-13/2026-06-19,False,False,5,2.21,5.99,-5.09,
NYKAA,2026-06-13/2026-06-19,False,False,5,6.89,10.93,-0.61,
SPAL,2026-06-13/2026-06-19,False,False,5,-2.64,18.63,-8.72,
UNIVASTU,2026-06-13/2026-06-19,False,False,2,-5.05,2.8,-8.97,
WELSPUNLIV,2026-06-13/2026-06-19,False,False,5,-0.03,7.97,-2.31,
AETHER,2026-06-20/2026-06-26,False,False,4,8.38,16.81,-0.92,
DENORA,2026-06-20/2026-06-26,False,False,4,-8.27,0.65,-11.26,
EMCURE,2026-06-20/2026-06-26,True,True,3,-3.87,3.34,-5.61,
PGIL,2026-06-20/2026-06-26,False,False,4,-4.61,3.58,-8.15,
PIXTRANS,2026-06-20/2026-06-26,True,True,4,-1.45,8.14,-4.19,
CGCL,2026-06-27/2026-07-03,False,False,3,1.66,12.88,-0.47,
DELHIVERY,2026-06-27/2026-07-03,True,True,2,-3.68,2.55,-5.02,
DIVGIITTS,2026-06-27/2026-07-03,True,True,2,-10.62,0.29,-11.25,
GMRAIRPORT,2026-06-27/2026-07-03,True,True,3,-5.17,2.37,-6.56,
TRIVENI,2026-06-27/2026-07-03,False,False,3,2.95,7.01,-2.47,
AKUMS,2026-07-04/2026-07-10,False,False,2,-0.97,2.98,-6.3,
BFINVEST,2026-07-04/2026-07-10,True,True,2,-7.25,17.88,-11.59,
CGCL,2026-07-04/2026-07-10,True,True,2,-5.54,3.89,-6.02,
EXIDEIND,2026-07-04/2026-07-10,False,False,2,4.99,7.31,-1.41,
INDNIPPON,2026-07-04/2026-07-10,False,False,2,2.48,9.34,-0.68,
IONEXCHANG,2026-07-04/2026-07-10,False,False,2,-9.44,3.54,-12.98,
JBCHEPHARM,2026-07-04/2026-07-10,False,False,1,-0.26,4.57,-1.46,
JGCHEM,2026-07-04/2026-07-10,False,False,2,9.93,14.07,-5.24,
NYKAA,2026-07-04/2026-07-10,False,False,2,-1.72,1.99,-3.47,
OBEROIRLTY,2026-07-04/2026-07-10,True,True,2,-4.41,2.24,-6.28,
PGHL,2026-07-04/2026-07-10,True,True,2,-1.68,2.14,-3.27,
RAJRATAN,2026-07-04/2026-07-10,False,False,2,1.31,12.86,-2.78,
SUPRAJIT,2026-07-04/2026-07-10,False,False,2,-5.01,0.73,-8.43,
TORNTPHARM,2026-07-04/2026-07-10,False,False,2,1.28,3.82,-4.16,
ARMANFIN,2026-07-11/2026-07-17,False,False,1,-2.38,1.69,-3.16,
BEPL,2026-07-11/2026-07-17,False,False,1,5.24,19.65,-3.78,
DIVISLAB,2026-07-11/2026-07-17,False,False,1,-0.16,2.46,-1.14,
FLUOROCHEM,2026-07-11/2026-07-17,False,False,1,9.94,11.68,-0.95,
IPCALAB,2026-07-11/2026-07-17,False,False,1,-7.28,1.44,-9.09,
SHYAMMETL,2026-07-11/2026-07-17,False,False,1,-0.25,5.83,-1.91,
SUMEETINDS,2026-07-11/2026-07-17,False,False,1,-15.33,4.97,-15.33,
TFCILTD,2026-07-11/2026-07-17,False,False,1,2.11,3.19,-6.47,
